day	stream	len	count
20220104	orders	8	30669196
20220104	orders	9	71785330
20220104	trades	8	23154061
20220104	trades	9	62564768
20220104	xinqing	8	1977375
20220104	xinqing	9	11058622
20220105	orders	8	32074307
20220105	orders	9	73953209
20220105	trades	8	24092871
20220105	trades	9	64695485
20220105	xinqing	8	1974103
20220105	xinqing	9	11025022
20220106	orders	8	28986385
20220106	orders	9	63938692
20220106	trades	8	21301561
20220106	trades	9	54498271
20220106	xinqing	8	1946059
20220106	xinqing	9	10227121
20220107	orders	8	30082231
20220107	orders	9	72567992
20220107	trades	8	22066233
20220107	trades	9	62766574
20220107	xinqing	8	1946597
20220107	xinqing	9	11331497
20220110	orders	8	31863533
20220110	orders	9	64064681
20220110	trades	8	24255975
20220110	trades	9	54300942
20220110	xinqing	8	1960354
20220110	xinqing	9	10522096
20220111	orders	8	29729656
20220111	orders	9	67422585
20220111	trades	8	21625981
20220111	trades	9	57757159
20220111	xinqing	8	1944856
20220111	xinqing	9	11028732
20220112	orders	8	30548539
20220112	orders	9	65609802
20220112	trades	8	22409068
20220112	trades	9	55549113
20220112	xinqing	8	1944484
20220112	xinqing	9	10934224
20220113	orders	8	31112144
20220113	orders	9	64383286
20220113	trades	8	23090407
20220113	trades	9	55339030
20220113	xinqing	8	1958509
20220113	xinqing	9	10676609
20220114	orders	8	28947639
20220114	orders	9	65318077
20220114	trades	8	21506433
20220114	trades	9	57033950
20220114	xinqing	8	1926029
20220114	xinqing	9	10795627
20220117	orders	8	29637523
20220117	orders	9	59727054
20220117	trades	8	22539238
20220117	trades	9	51314609
20220117	xinqing	8	1962551
20220117	xinqing	9	10906320
20220118	orders	8	30601792
20220118	orders	9	66715474
20220118	trades	8	23252673
20220118	trades	9	57951356
20220118	xinqing	8	1964387
20220118	xinqing	9	11137511
20220119	orders	8	30143524
20220119	orders	9	61561156
20220119	trades	8	22504471
20220119	trades	9	53103284
20220119	xinqing	8	1942023
20220119	xinqing	9	10896111
20220120	orders	8	29045352
20220120	orders	9	67801870
20220120	trades	8	21591694
20220120	trades	9	58922883
20220120	xinqing	8	1943544
20220120	xinqing	9	10944045
20220121	orders	8	28912345
20220121	orders	9	61632018
20220121	trades	8	21837844
20220121	trades	9	53096273
20220121	xinqing	8	1938401
20220121	xinqing	9	10523092
20220124	orders	8	26413598
20220124	orders	9	55462686
20220124	trades	8	20117573
20220124	trades	9	46846756
20220124	xinqing	8	1908921
20220124	xinqing	9	10403672
20220125	orders	8	26062294
20220125	orders	9	61375028
20220125	trades	8	20232820
20220125	trades	9	54734848
20220125	xinqing	8	1920179
20220125	xinqing	9	10660781
20220126	orders	8	25550702
20220126	orders	9	55378940
20220126	trades	8	20024689
20220126	trades	9	47367756
20220126	xinqing	8	1914189
20220126	xinqing	9	10500202
20220127	orders	8	22687758
20220127	orders	9	58254910
20220127	trades	8	17117121
20220127	trades	9	50657612
20220127	xinqing	8	1894335
20220127	xinqing	9	10354284
20220128	orders	8	23057975
20220128	orders	9	58672535
20220128	trades	8	17820031
20220128	trades	9	50355208
20220128	xinqing	8	1876222
20220128	xinqing	9	10510130
20220207	orders	8	26535137
20220207	orders	9	54719742
20220207	trades	8	21254857
20220207	trades	9	47192724
20220207	xinqing	8	1965551
20220207	xinqing	9	10132833
20220208	orders	8	25250162
20220208	orders	9	60743092
20220208	trades	8	19442816
20220208	trades	9	52891909
20220208	xinqing	8	1883667
20220208	xinqing	9	10436398
20220209	orders	8	25725848
20220209	orders	9	61023732
20220209	trades	8	19377140
20220209	trades	9	52939343
20220209	xinqing	8	1906280
20220209	xinqing	9	10452929
20220210	orders	8	26572389
20220210	orders	9	60223728
20220210	trades	8	19902374
20220210	trades	9	52120988
20220210	xinqing	8	1912448
20220210	xinqing	9	10648040
20220211	orders	8	27397713
20220211	orders	9	63920625
20220211	trades	8	20781226
20220211	trades	9	56131303
20220211	xinqing	8	1901333
20220211	xinqing	9	10715664
20220214	orders	8	26874718
20220214	orders	9	57877675
20220214	trades	8	20662654
20220214	trades	9	50481566
20220214	xinqing	8	1918853
20220214	xinqing	9	10423172
20220215	orders	8	24585684
20220215	orders	9	57813401
20220215	trades	8	18386997
20220215	trades	9	50141415
20220215	xinqing	8	1893210
20220215	xinqing	9	10444576
20220216	orders	8	25666778
20220216	orders	9	54489664
20220216	trades	8	19199603
20220216	trades	9	46907197
20220216	xinqing	8	1900224
20220216	xinqing	9	10299658
20220217	orders	8	25362635
20220217	orders	9	63813055
20220217	trades	8	18538402
20220217	trades	9	55358228
20220217	xinqing	8	1898907
20220217	xinqing	9	10533006
20220218	orders	8	25434080
20220218	orders	9	55803306
20220218	trades	8	18771055
20220218	trades	9	48100000
20220218	xinqing	8	1914070
20220218	xinqing	9	10561371
20220221	orders	8	24912455
20220221	orders	9	58264868
20220221	trades	8	18526823
20220221	trades	9	50661622
20220221	xinqing	8	1913649
20220221	xinqing	9	10812596
20220222	orders	8	28429325
20220222	orders	9	60620703
20220222	trades	8	21804902
20220222	trades	9	52573327
20220222	xinqing	8	1966218
20220222	xinqing	9	10517079
20220223	orders	8	26160328
20220223	orders	9	62580068
20220223	trades	8	19431492
20220223	trades	9	54468466
20220223	xinqing	8	1905555
20220223	xinqing	9	10971365
20220224	orders	8	27213883
20220224	orders	9	85596896
20220224	trades	8	20021188
20220224	trades	9	77000741
20220224	xinqing	8	1935060
20220224	xinqing	9	11792260
20220225	orders	8	29799782
20220225	orders	9	64252628
20220225	trades	8	22594264
20220225	trades	9	54945894
20220225	xinqing	8	1988802
20220225	xinqing	9	10927501
20220228	orders	8	29221062
20220228	orders	9	57800660
20220228	trades	8	22343161
20220228	trades	9	49461870
20220228	xinqing	8	1983634
20220228	xinqing	9	10613884
20220301	orders	8	26214557
20220301	orders	9	60118073
20220301	trades	8	19120614
20220301	trades	9	52037528
20220301	xinqing	8	1915416
20220301	xinqing	9	10787488
20220302	orders	8	26771758
20220302	orders	9	57325511
20220302	trades	8	19426449
20220302	trades	9	49081717
20220302	xinqing	8	1931172
20220302	xinqing	9	10679982
20220303	orders	8	28162863
20220303	orders	9	62075761
20220303	trades	8	20771886
20220303	trades	9	54374504
20220303	xinqing	8	1938531
20220303	xinqing	9	10631765
20220304	orders	8	28396216
20220304	orders	9	62522063
20220304	trades	8	21436240
20220304	trades	9	55314577
20220304	xinqing	8	1944906
20220304	xinqing	9	10649195
20220307	orders	8	29556618
20220307	orders	9	62361284
20220307	trades	8	22811971
20220307	trades	9	55350571
20220307	xinqing	8	1951471
20220307	xinqing	9	10946894
20220308	orders	8	29023793
20220308	orders	9	68315801
20220308	trades	8	22612559
20220308	trades	9	61409434
20220308	xinqing	8	1940047
20220308	xinqing	9	11242242
20220309	orders	8	27117075
20220309	orders	9	79760092
20220309	trades	8	20482348
20220309	trades	9	71135492
20220309	xinqing	8	1916578
20220309	xinqing	9	11619302
20220310	orders	8	30630584
20220310	orders	9	64298171
20220310	trades	8	23465247
20220310	trades	9	55965563
20220310	xinqing	8	2010298
20220310	xinqing	9	10903599
20220311	orders	8	29268155
20220311	orders	9	68124143
20220311	trades	8	21982034
20220311	trades	9	58714715
20220311	xinqing	8	1961707
20220311	xinqing	9	11165894
20220314	orders	8	29944412
20220314	orders	9	65346028
20220314	trades	8	22887783
20220314	trades	9	57109272
20220314	xinqing	8	1943060
20220314	xinqing	9	10940302
20220315	orders	8	32355570
20220315	orders	9	75628274
20220315	trades	8	25867443
20220315	trades	9	67862999
20220315	xinqing	8	1969997
20220315	xinqing	9	11437462
20220316	orders	8	29221005
20220316	orders	9	78680710
20220316	trades	8	22711006
20220316	trades	9	69138590
20220316	xinqing	8	1992734
20220316	xinqing	9	11578819
20220317	orders	8	31083163
20220317	orders	9	72876570
20220317	trades	8	24636292
20220317	trades	9	63230811
20220317	xinqing	8	2000544
20220317	xinqing	9	11255407
20220318	orders	8	28030447
20220318	orders	9	64755558
20220318	trades	8	20792222
20220318	trades	9	55785080
20220318	xinqing	8	1918093
20220318	xinqing	9	10997834
20220321	orders	8	27763418
20220321	orders	9	66048747
20220321	trades	8	20718282
20220321	trades	9	57193105
20220321	xinqing	8	1937104
20220321	xinqing	9	11020188
20220322	orders	8	28855237
20220322	orders	9	63832982
20220322	trades	8	21592440
20220322	trades	9	54971469
20220322	xinqing	8	1929661
20220322	xinqing	9	10947509
20220323	orders	8	27872787
20220323	orders	9	63501963
20220323	trades	8	20514693
20220323	trades	9	54501042
20220323	xinqing	8	1906408
20220323	xinqing	9	10901737
20220324	orders	8	28089534
20220324	orders	9	63289621
20220324	trades	8	20772779
20220324	trades	9	54331791
20220324	xinqing	8	1917041
20220324	xinqing	9	10811330
20220325	orders	8	27307101
20220325	orders	9	64338173
20220325	trades	8	20051639
20220325	trades	9	55909191
20220325	xinqing	8	1925531
20220325	xinqing	9	10993069
20220328	orders	8	29420058
20220328	orders	9	62091500
20220328	trades	8	22730311
20220328	trades	9	52786187
20220328	xinqing	8	1975380
20220328	xinqing	9	10877932
20220329	orders	8	26503548
20220329	orders	9	62079005
20220329	trades	8	19690256
20220329	trades	9	53934902
20220329	xinqing	8	1894285
20220329	xinqing	9	10847083
20220330	orders	8	28135800
20220330	orders	9	63848064
20220330	trades	8	21168870
20220330	trades	9	54939068
20220330	xinqing	8	1922083
20220330	xinqing	9	10881883
20220331	orders	8	28867934
20220331	orders	9	68944943
20220331	trades	8	21805883
20220331	trades	9	60138572
20220331	xinqing	8	1929459
20220331	xinqing	9	11045641
20220401	orders	8	28871082
20220401	orders	9	66479415
20220401	trades	8	21543848
20220401	trades	9	57534425
20220401	xinqing	8	1940801
20220401	xinqing	9	10960738
20220406	orders	8	31340846
20220406	orders	9	68980213
20220406	trades	8	24304877
20220406	trades	9	60564963
20220406	xinqing	8	1985029
20220406	xinqing	9	11061231
20220407	orders	8	28367745
20220407	orders	9	68922972
20220407	trades	8	21530514
20220407	trades	9	61818250
20220407	xinqing	8	1940302
20220407	xinqing	9	11162777
20220408	orders	8	28407094
20220408	orders	9	70991706
20220408	trades	8	21855345
20220408	trades	9	60360220
20220408	xinqing	8	1931467
20220408	xinqing	9	11067588
20220411	orders	8	30351571
20220411	orders	9	69445474
20220411	trades	8	23948039
20220411	trades	9	62796283
20220411	xinqing	8	1942326
20220411	xinqing	9	11106562
20220412	orders	8	28953584
20220412	orders	9	69878815
20220412	trades	8	22611480
20220412	trades	9	61532306
20220412	xinqing	8	1924008
20220412	xinqing	9	11070846
20220413	orders	8	28769288
20220413	orders	9	66966512
20220413	trades	8	22084697
20220413	trades	9	58615061
20220413	xinqing	8	1940726
20220413	xinqing	9	10866689
20220414	orders	8	26738643
20220414	orders	9	64984307
20220414	trades	8	20496602
20220414	trades	9	56663067
20220414	xinqing	8	1898973
20220414	xinqing	9	10855935
20220415	orders	8	28708718
20220415	orders	9	69332056
20220415	trades	8	22283286
20220415	trades	9	60969924
20220415	xinqing	8	1930060
20220415	xinqing	9	11025696
20220418	orders	8	29032391
20220418	orders	9	61529654
20220418	trades	8	22654970
20220418	trades	9	53469961
20220418	xinqing	8	1932644
20220418	xinqing	9	10733901
20220419	orders	8	27550621
20220419	orders	9	63027688
20220419	trades	8	20799389
20220419	trades	9	54524997
20220419	xinqing	8	1926549
20220419	xinqing	9	10773362
20220420	orders	8	26524369
20220420	orders	9	67875908
20220420	trades	8	20043860
20220420	trades	9	59527248
20220420	xinqing	8	1938508
20220420	xinqing	9	11073818
20220421	orders	8	27520578
20220421	orders	9	74730803
20220421	trades	8	20830634
20220421	trades	9	66531377
20220421	xinqing	8	1932931
20220421	xinqing	9	11446866
20220422	orders	8	28676505
20220422	orders	9	63563173
20220422	trades	8	22487734
20220422	trades	9	54702611
20220422	xinqing	8	1975644
20220422	xinqing	9	11057432
20220425	orders	8	31111115
20220425	orders	9	73260796
20220425	trades	8	24982117
20220425	trades	9	66273959
20220425	xinqing	8	2000746
20220425	xinqing	9	11382196
20220426	orders	8	29655639
20220426	orders	9	71452193
20220426	trades	8	23789752
20220426	trades	9	63333514
20220426	xinqing	8	1981824
20220426	xinqing	9	11223900
20220427	orders	8	28862524
20220427	orders	9	74787186
20220427	trades	8	22861033
20220427	trades	9	66175385
20220427	xinqing	8	1988579
20220427	xinqing	9	11383369
20220428	orders	8	27855977
20220428	orders	9	68077391
20220428	trades	8	21740631
20220428	trades	9	58973984
20220428	xinqing	8	1969921
20220428	xinqing	9	11028896
20220429	orders	8	27933741
20220429	orders	9	76119936
20220429	trades	8	21823597
20220429	trades	9	66728287
20220429	xinqing	8	1962959
20220429	xinqing	9	11244383
20220505	orders	8	28929944
20220505	orders	9	66743639
20220505	trades	8	23021652
20220505	trades	9	58617915
20220505	xinqing	8	1957272
20220505	xinqing	9	10823034
20220506	orders	8	28029374
20220506	orders	9	61743535
20220506	trades	8	21614116
20220506	trades	9	54318512
20220506	xinqing	8	1967076
20220506	xinqing	9	10666815
20220509	orders	8	25400364
20220509	orders	9	56347115
20220509	trades	8	19331809
20220509	trades	9	48634070
20220509	xinqing	8	1907432
20220509	xinqing	9	10487244
20220510	orders	8	28467853
20220510	orders	9	67265727
20220510	trades	8	21922255
20220510	trades	9	57326468
20220510	xinqing	8	1935362
20220510	xinqing	9	10950789
20220511	orders	8	29131261
20220511	orders	9	75617991
20220511	trades	8	21971521
20220511	trades	9	66113046
20220511	xinqing	8	1937384
20220511	xinqing	9	11140751
20220512	orders	8	28379255
20220512	orders	9	65062006
20220512	trades	8	20855743
20220512	trades	9	54976475
20220512	xinqing	8	1946731
20220512	xinqing	9	10741725
20220513	orders	8	26658541
20220513	orders	9	60327987
20220513	trades	8	19444757
20220513	trades	9	50823050
20220513	xinqing	8	1907555
20220513	xinqing	9	10591359
20220516	orders	8	28354560
20220516	orders	9	61404595
20220516	trades	8	21513577
20220516	trades	9	52494396
20220516	xinqing	8	1936783
20220516	xinqing	9	10637028
20220517	orders	8	27412039
20220517	orders	9	61074682
20220517	trades	8	20534387
20220517	trades	9	51636467
20220517	xinqing	8	1907583
20220517	xinqing	9	10559118
20220518	orders	8	25846234
20220518	orders	9	61147585
20220518	trades	8	19026615
20220518	trades	9	51964315
20220518	xinqing	8	1931025
20220518	xinqing	9	10766549
20220519	orders	8	27424375
20220519	orders	9	63227046
20220519	trades	8	20399427
20220519	trades	9	53133414
20220519	xinqing	8	1943674
20220519	xinqing	9	10777153
20220520	orders	8	28390353
20220520	orders	9	65386494
20220520	trades	8	21156567
20220520	trades	9	56174153
20220520	xinqing	8	1936247
20220520	xinqing	9	10913010
20220523	orders	8	27262523
20220523	orders	9	61092449
20220523	trades	8	20600032
20220523	trades	9	52976063
20220523	xinqing	8	1943645
20220523	xinqing	9	10832611
20220524	orders	8	29217940
20220524	orders	9	72499195
20220524	trades	8	22313355
20220524	trades	9	64807778
20220524	xinqing	8	1945480
20220524	xinqing	9	11386642
20220525	orders	8	26799513
20220525	orders	9	59765206
20220525	trades	8	19933185
20220525	trades	9	50805108
20220525	xinqing	8	1961044
20220525	xinqing	9	10747221
20220526	orders	8	28114430
20220526	orders	9	63785656
20220526	trades	8	21166810
20220526	trades	9	53537663
20220526	xinqing	8	1960888
20220526	xinqing	9	7548464
20220527	orders	8	27012801
20220527	orders	9	62718030
20220527	trades	8	19719904
20220527	trades	9	53484914
20220527	xinqing	8	1916182
20220527	xinqing	9	10618234
20220530	orders	8	27987492
20220530	orders	9	61565033
20220530	trades	8	21168115
20220530	trades	9	52299127
20220530	xinqing	8	1936034
20220530	xinqing	9	10757583
20220531	orders	8	28583792
20220531	orders	9	64297604
20220531	trades	8	21497024
20220531	trades	9	55007363
20220531	xinqing	8	1936497
20220531	xinqing	9	11029762
20220601	orders	8	27778529
20220601	orders	9	64089550
20220601	trades	8	20432302
20220601	trades	9	55236374
20220601	xinqing	8	1973899
20220601	xinqing	9	11070731
20220602	orders	8	27281969
20220602	orders	9	62881906
20220602	trades	8	20267332
20220602	trades	9	53625951
20220602	xinqing	8	1945517
20220602	xinqing	9	11042457
20220606	orders	8	28994834
20220606	orders	9	69780155
20220606	trades	8	22283359
20220606	trades	9	61535522
20220606	xinqing	8	1983432
20220606	xinqing	9	11319662
20220607	orders	8	30521897
20220607	orders	9	67868007
20220607	trades	8	23459427
20220607	trades	9	59472160
20220607	xinqing	8	1975590
20220607	xinqing	9	11111732
20220608	orders	8	28125581
20220608	orders	9	73673599
20220608	trades	8	20835722
20220608	trades	9	64752687
20220608	xinqing	8	1932949
20220608	xinqing	9	11427644
20220609	orders	8	29034744
20220609	orders	9	66805296
20220609	trades	8	21674987
20220609	trades	9	58364781
20220609	xinqing	8	1938307
20220609	xinqing	9	11097791
20220610	orders	8	26278229
20220610	orders	9	68761760
20220610	trades	8	19206269
20220610	trades	9	59889057
20220610	xinqing	8	1943385
20220610	xinqing	9	11083961
20220613	orders	8	27429317
20220613	orders	9	72912482
20220613	trades	8	20776213
20220613	trades	9	64111404
20220613	xinqing	8	1949827
20220613	xinqing	9	11246692
20220614	orders	8	28433638
20220614	orders	9	74480210
20220614	trades	8	21552454
20220614	trades	9	66042906
20220614	xinqing	8	1959562
20220614	xinqing	9	11326534
20220615	orders	8	32414141
20220615	orders	9	76819464
20220615	trades	8	25068956
20220615	trades	9	68188989
20220615	xinqing	8	1983238
20220615	xinqing	9	11325581
20220616	orders	8	30495247
20220616	orders	9	69491305
20220616	trades	8	22753240
20220616	trades	9	61043975
20220616	xinqing	8	1950120
20220616	xinqing	9	11183249
20220617	orders	8	27209005
20220617	orders	9	70748153
20220617	trades	8	19939958
20220617	trades	9	61619508
20220617	xinqing	8	1937578
20220617	xinqing	9	11267486
20220620	orders	8	30127069
20220620	orders	9	68377783
20220620	trades	8	23235410
20220620	trades	9	59493844
20220620	xinqing	8	1958032
20220620	xinqing	9	11215438
20220621	orders	8	29108535
20220621	orders	9	69339212
20220621	trades	8	21552680
20220621	trades	9	60829933
20220621	xinqing	8	1950491
20220621	xinqing	9	11264230
20220622	orders	8	26788001
20220622	orders	9	65275270
20220622	trades	8	19550992
20220622	trades	9	56575429
20220622	xinqing	8	1937973
20220622	xinqing	9	10996471
20220623	orders	8	27203931
20220623	orders	9	67687584
20220623	trades	8	20154316
20220623	trades	9	58326977
20220623	xinqing	8	1922957
20220623	xinqing	9	11175777
20220624	orders	8	28686509
20220624	orders	9	68038442
20220624	trades	8	21298679
20220624	trades	9	58415850
20220624	xinqing	8	1937011
20220624	xinqing	9	11169860
20220627	orders	8	29381056
20220627	orders	9	68842390
20220627	trades	8	22093659
20220627	trades	9	59894863
20220627	xinqing	8	1958914
20220627	xinqing	9	11218451
20220628	orders	8	30381775
20220628	orders	9	70646468
20220628	trades	8	22674304
20220628	trades	9	61221363
20220628	xinqing	8	1960549
20220628	xinqing	9	11339992
20220629	orders	8	34635497
20220629	orders	9	73615721
20220629	trades	8	26884811
20220629	trades	9	65171220
20220629	xinqing	8	1997192
20220629	xinqing	9	11406489
20220630	orders	8	29387397
20220630	orders	9	68675028
20220630	trades	8	21957500
20220630	trades	9	59621685
20220630	xinqing	8	1948303
20220630	xinqing	9	11294661
20220701	orders	8	29652399
20220701	orders	9	63344951
20220701	trades	8	22101056
20220701	trades	9	54290943
20220701	xinqing	8	1953328
20220701	xinqing	9	11062848
20220704	orders	8	30474198
20220704	orders	9	65422908
20220704	trades	8	23160302
20220704	trades	9	56681458
20220704	xinqing	8	1967509
20220704	xinqing	9	11111837
20220705	orders	8	29992540
20220705	orders	9	71113474
20220705	trades	8	22283392
20220705	trades	9	62048233
20220705	xinqing	8	1953191
20220705	xinqing	9	11400504
20220706	orders	8	29497060
20220706	orders	9	66617806
20220706	trades	8	21940345
20220706	trades	9	58163409
20220706	xinqing	8	1943359
20220706	xinqing	9	11118459
20220707	orders	8	27556343
20220707	orders	9	64542177
20220707	trades	8	20312254
20220707	trades	9	55065616
20220707	xinqing	8	1927857
20220707	xinqing	9	10937497
20220708	orders	8	28379979
20220708	orders	9	61389069
20220708	trades	8	20977226
20220708	trades	9	52484101
20220708	xinqing	8	1948410
20220708	xinqing	9	10803634
20220711	orders	8	30058547
20220711	orders	9	61816019
20220711	trades	8	23201250
20220711	trades	9	53725001
20220711	xinqing	8	1943084
20220711	xinqing	9	10896201
20220712	orders	8	28073169
20220712	orders	9	64537678
20220712	trades	8	21015599
20220712	trades	9	56002089
20220712	xinqing	8	1916872
20220712	xinqing	9	10992471
20220713	orders	8	26401296
20220713	orders	9	62236464
20220713	trades	8	19267087
20220713	trades	9	53496632
20220713	xinqing	8	1906803
20220713	xinqing	9	10880479
20220714	orders	8	28568539
20220714	orders	9	62883576
20220714	trades	8	21566290
20220714	trades	9	54732456
20220714	xinqing	8	1921450
20220714	xinqing	9	10872454
20220715	orders	8	31170295
20220715	orders	9	67204025
20220715	trades	8	23917712
20220715	trades	9	59607026
20220715	xinqing	8	1992122
20220715	xinqing	9	11131706
20220718	orders	8	29039337
20220718	orders	9	65705429
20220718	trades	8	22267881
20220718	trades	9	56974459
20220718	xinqing	8	1976376
20220718	xinqing	9	11100119
20220719	orders	8	28882954
20220719	orders	9	64698829
20220719	trades	8	21527390
20220719	trades	9	56379117
20220719	xinqing	8	1949375
20220719	xinqing	9	11062612
20220720	orders	8	27150894
20220720	orders	9	61928336
20220720	trades	8	19799380
20220720	trades	9	53655047
20220720	xinqing	8	1941518
20220720	xinqing	9	11032726
20220721	orders	8	28893869
20220721	orders	9	64374039
20220721	trades	8	21515545
20220721	trades	9	56411253
20220721	xinqing	8	1937979
20220721	xinqing	9	11005813
20220722	orders	8	27375406
20220722	orders	9	63248877
20220722	trades	8	20026756
20220722	trades	9	55282769
20220722	xinqing	8	1940785
20220722	xinqing	9	11246353
20220725	orders	8	27126937
20220725	orders	9	60048958
20220725	trades	8	20345599
20220725	trades	9	52386323
20220725	xinqing	8	1932013
20220725	xinqing	9	10964585
20220726	orders	8	25817005
20220726	orders	9	57374545
20220726	trades	8	19199847
20220726	trades	9	48988857
20220726	xinqing	8	1923187
20220726	xinqing	9	10867441
20220727	orders	8	25579287
20220727	orders	9	57032037
20220727	trades	8	18460675
20220727	trades	9	49288445
20220727	xinqing	8	1917554
20220727	xinqing	9	10900606
20220728	orders	8	27708841
20220728	orders	9	61547296
20220728	trades	8	20385915
20220728	trades	9	53994808
20220728	xinqing	8	1943892
20220728	xinqing	9	11140619
20220729	orders	8	27771327
20220729	orders	9	64221596
20220729	trades	8	20340410
20220729	trades	9	56452523
20220729	xinqing	8	1935636
20220729	xinqing	9	11209982
20220801	orders	8	27841477
20220801	orders	9	62100765
20220801	trades	8	21093431
20220801	trades	9	54131754
20220801	xinqing	8	1947092
20220801	xinqing	9	11117902
20220802	orders	8	36083856
20220802	orders	9	70895976
20220802	trades	8	29088346
20220802	trades	9	63050714
20220802	xinqing	8	2033354
20220802	xinqing	9	11668770
20220803	orders	8	29893236
20220803	orders	9	67631344
20220803	trades	8	22914758
20220803	trades	9	59775775
20220803	xinqing	8	1998961
20220803	xinqing	9	11184818
20220804	orders	8	27036199
20220804	orders	9	61378952
20220804	trades	8	20141958
20220804	trades	9	52815785
20220804	xinqing	8	1939214
20220804	xinqing	9	11080464
20220805	orders	8	25515481
20220805	orders	9	62262151
20220805	trades	8	18724956
20220805	trades	9	53581696
20220805	xinqing	8	1912996
20220805	xinqing	9	10995866
20220808	orders	8	27713269
20220808	orders	9	57180405
20220808	trades	8	20653773
20220808	trades	9	49049247
20220808	xinqing	8	1937993
20220808	xinqing	9	10829205
20220809	orders	8	25912201
20220809	orders	9	60622564
20220809	trades	8	18987419
20220809	trades	9	52548119
20220809	xinqing	8	1916677
20220809	xinqing	9	10824151
20220810	orders	8	26747038
20220810	orders	9	59832660
20220810	trades	8	19360194
20220810	trades	9	51667266
20220810	xinqing	8	1912661
20220810	xinqing	9	10782982
20220811	orders	8	27091369
20220811	orders	9	64351369
20220811	trades	8	19736622
20220811	trades	9	55947887
20220811	xinqing	8	1933694
20220811	xinqing	9	11240893
20220812	orders	8	28668692
20220812	orders	9	62858245
20220812	trades	8	20882812
20220812	trades	9	54987693
20220812	xinqing	8	1950067
20220812	xinqing	9	11138040
20220815	orders	8	29158260
20220815	orders	9	59649900
20220815	trades	8	21897614
20220815	trades	9	51664286
20220815	xinqing	8	1963525
20220815	xinqing	9	10939495
20220816	orders	8	27837185
20220816	orders	9	62080308
20220816	trades	8	20247266
20220816	trades	9	54356348
20220816	xinqing	8	1937687
20220816	xinqing	9	11074964
20220817	orders	8	28444379
20220817	orders	9	65789056
20220817	trades	8	20997288
20220817	trades	9	56819720
20220817	xinqing	8	1937892
20220817	xinqing	9	11079789
20220818	orders	8	28210267
20220818	orders	9	63905947
20220818	trades	8	20720954
20220818	trades	9	56126075
20220818	xinqing	8	1951546
20220818	xinqing	9	11058763
20220819	orders	8	29367142
20220819	orders	9	67057486
20220819	trades	8	21923305
20220819	trades	9	59322122
20220819	xinqing	8	1955139
20220819	xinqing	9	11181845
20220822	orders	8	29932611
20220822	orders	9	63230726
20220822	trades	8	22673880
20220822	trades	9	54683502
20220822	xinqing	8	1960972
20220822	xinqing	9	11117458
20220823	orders	8	28755355
20220823	orders	9	63230157
20220823	trades	8	21303769
20220823	trades	9	55182946
20220823	xinqing	8	1945868
20220823	xinqing	9	11144472
20220824	orders	8	29763015
20220824	orders	9	72499976
20220824	trades	8	22401080
20220824	trades	9	65091588
20220824	xinqing	8	1954042
20220824	xinqing	9	11574971
20220825	orders	8	26712724
20220825	orders	9	67694374
20220825	trades	8	20152741
20220825	trades	9	59119871
20220825	xinqing	8	1939447
20220825	xinqing	9	11263313
20220826	orders	8	28813743
20220826	orders	9	61495679
20220826	trades	8	21468579
20220826	trades	9	53326873
20220826	xinqing	8	1960107
20220826	xinqing	9	11071034
20220829	orders	8	29040099
20220829	orders	9	59005318
20220829	trades	8	22233520
20220829	trades	9	51134622
20220829	xinqing	8	1982021
20220829	xinqing	9	11104658
20220830	orders	8	28838778
20220830	orders	9	61946883
20220830	trades	8	21222454
20220830	trades	9	53617698
20220830	xinqing	8	1968325
20220830	xinqing	9	11144036
20220831	orders	8	30100123
20220831	orders	9	69379399
20220831	trades	8	22966111
20220831	trades	9	61079251
20220831	xinqing	8	1978542
20220831	xinqing	9	11438327
20220901	orders	8	26243010
20220901	orders	9	61780813
20220901	trades	8	19345967
20220901	trades	9	53741388
20220901	xinqing	8	1950734
20220901	xinqing	9	11189743
20220902	orders	8	24906732
20220902	orders	9	56669416
20220902	trades	8	18434144
20220902	trades	9	48518713
20220902	xinqing	8	1933617
20220902	xinqing	9	10997177
20220905	orders	8	26251058
20220905	orders	9	57062533
20220905	trades	8	19624831
20220905	trades	9	49042073
20220905	xinqing	8	1950125
20220905	xinqing	9	10943212
20220906	orders	8	25782053
20220906	orders	9	61834587
20220906	trades	8	18817070
20220906	trades	9	53718738
20220906	xinqing	8	1939707
20220906	xinqing	9	11154757
20220907	orders	8	26784627
20220907	orders	9	60422595
20220907	trades	8	19911938
20220907	trades	9	52714750
20220907	xinqing	8	1945158
20220907	xinqing	9	11009210
20220908	orders	8	26777799
20220908	orders	9	56850837
20220908	trades	8	19595514
20220908	trades	9	49395267
20220908	xinqing	8	1938401
20220908	xinqing	9	10862573
20220909	orders	8	26383223
20220909	orders	9	55183953
20220909	trades	8	19803567
20220909	trades	9	47223526
20220909	xinqing	8	1941996
20220909	xinqing	9	10795681
20220913	orders	8	25667047
20220913	orders	9	54877282
20220913	trades	8	19202579
20220913	trades	9	47677906
20220913	xinqing	8	1960604
20220913	xinqing	9	10814068
20220914	orders	8	25882326
20220914	orders	9	54112909
20220914	trades	8	19175225
20220914	trades	9	46305258
20220914	xinqing	8	1984153
20220914	xinqing	9	10842233
20220915	orders	8	26254103
20220915	orders	9	64975968
20220915	trades	8	19598845
20220915	trades	9	57873243
20220915	xinqing	8	1943853
20220915	xinqing	9	11448968
20220916	orders	8	25378656
20220916	orders	9	60465417
20220916	trades	8	19235358
20220916	trades	9	54010480
20220916	xinqing	8	1928205
20220916	xinqing	9	11051154
20220919	orders	8	25194420
20220919	orders	9	59437408
20220919	trades	8	18916396
20220919	trades	9	49253333
20220919	xinqing	8	1948995
20220919	xinqing	9	10914002
20220920	orders	8	22403731
20220920	orders	9	51044822
20220920	trades	8	16715315
20220920	trades	9	44156952
20220920	xinqing	8	1906440
20220920	xinqing	9	10196130
20220921	orders	8	23208777
20220921	orders	9	53871246
20220921	trades	8	17359649
20220921	trades	9	45394092
20220921	xinqing	8	1915934
20220921	xinqing	9	10424459
20220922	orders	8	23771185
20220922	orders	9	51151824
20220922	trades	8	17458712
20220922	trades	9	44021162
20220922	xinqing	8	1913479
20220922	xinqing	9	10163751
20220923	orders	8	22498258
20220923	orders	9	57227715
20220923	trades	8	16421296
20220923	trades	9	49228704
20220923	xinqing	8	1885535
20220923	xinqing	9	10735190
20220926	orders	8	23775538
20220926	orders	9	56516343
20220926	trades	8	17933097
20220926	trades	9	49129472
20220926	xinqing	8	1924278
20220926	xinqing	9	10534327
20220927	orders	8	23197301
20220927	orders	9	54722878
20220927	trades	8	17484359
20220927	trades	9	46982234
20220927	xinqing	8	1932770
20220927	xinqing	9	10482119
20220928	orders	8	23831447
20220928	orders	9	54148617
20220928	trades	8	17835515
20220928	trades	9	46608317
20220928	xinqing	8	1933290
20220928	xinqing	9	10460345
20220929	orders	8	22434263
20220929	orders	9	54295974
20220929	trades	8	16679000
20220929	trades	9	46322321
20220929	xinqing	8	1913739
20220929	xinqing	9	10599722
20220930	orders	8	21130305
20220930	orders	9	48713942
20220930	trades	8	15684735
20220930	trades	9	41286213
20220930	xinqing	8	1885824
20220930	xinqing	9	10050338
20221010	orders	8	22505567
20221010	orders	9	49783041
20221010	trades	8	17564336
20221010	trades	9	43223856
20221010	xinqing	8	1914588
20221010	xinqing	9	10134609
20221011	orders	8	20495523
20221011	orders	9	49270371
20221011	trades	8	15659836
20221011	trades	9	41560138
20221011	xinqing	8	1871174
20221011	xinqing	9	10084921
20221012	orders	8	19985443
20221012	orders	9	57485877
20221012	trades	8	14920917
20221012	trades	9	49708544
20221012	xinqing	8	1857352
20221012	xinqing	9	10574889
20221013	orders	8	23106706
20221013	orders	9	54570363
20221013	trades	8	17669715
20221013	trades	9	46891304
20221013	xinqing	8	1920705
20221013	xinqing	9	10534214
20221014	orders	8	23801458
20221014	orders	9	57268595
20221014	trades	8	17808814
20221014	trades	9	49722320
20221014	xinqing	8	1931852
20221014	xinqing	9	10617007
20221017	orders	8	25088477
20221017	orders	9	53899715
20221017	trades	8	19585750
20221017	trades	9	46607246
20221017	xinqing	8	1939938
20221017	xinqing	9	10508882
20221018	orders	8	24312355
20221018	orders	9	55872470
20221018	trades	8	18109370
20221018	trades	9	48798647
20221018	xinqing	8	1938181
20221018	xinqing	9	10565187
20221019	orders	8	23601475
20221019	orders	9	53055512
20221019	trades	8	17634161
20221019	trades	9	45963306
20221019	xinqing	8	1911178
20221019	xinqing	9	10366378
20221020	orders	8	24643672
20221020	orders	9	57696804
20221020	trades	8	18939179
20221020	trades	9	48933755
20221020	xinqing	8	1924814
20221020	xinqing	9	10964459
20221021	orders	8	23939167
20221021	orders	9	52965559
20221021	trades	8	17650283
20221021	trades	9	45045467
20221021	xinqing	8	1914654
20221021	xinqing	9	10355497
20221024	orders	8	27004157
20221024	orders	9	62049983
20221024	trades	8	20770833
20221024	trades	9	54178182
20221024	xinqing	8	1947623
20221024	xinqing	9	10892265
20221025	orders	8	27582176
20221025	orders	9	59603988
20221025	trades	8	21402171
20221025	trades	9	50942036
20221025	xinqing	8	1964416
20221025	xinqing	9	10733623
20221026	orders	8	25549983
20221026	orders	9	62544350
20221026	trades	8	19446330
20221026	trades	9	54686746
20221026	xinqing	8	1942093
20221026	xinqing	9	10797501
20221027	orders	8	27791500
20221027	orders	9	60541024
20221027	trades	8	21099369
20221027	trades	9	52544550
20221027	xinqing	8	1945015
20221027	xinqing	9	10753739
20221028	orders	8	28659239
20221028	orders	9	65951866
20221028	trades	8	22355153
20221028	trades	9	57445063
20221028	xinqing	8	1985758
20221028	xinqing	9	11012891
20221031	orders	8	28394860
20221031	orders	9	63861099
20221031	trades	8	22216578
20221031	trades	9	54511452
20221031	xinqing	8	1987955
20221031	xinqing	9	10884198
20221101	orders	8	26505143
20221101	orders	9	66452907
20221101	trades	8	20206685
20221101	trades	9	57882330
20221101	xinqing	8	1942165
20221101	xinqing	9	11030215
20221102	orders	8	26918499
20221102	orders	9	66528514
20221102	trades	8	20181335
20221102	trades	9	58189588
20221102	xinqing	8	1965713
20221102	xinqing	9	11000908
20221103	orders	8	27446026
20221103	orders	9	59278948
20221103	trades	8	20498420
20221103	trades	9	50624954
20221103	xinqing	8	1954199
20221103	xinqing	9	10699370
20221104	orders	8	25597373
20221104	orders	9	67782584
20221104	trades	8	18692687
20221104	trades	9	59103407
20221104	xinqing	8	2013558
20221104	xinqing	9	10963170
20221107	orders	8	28566877
20221107	orders	9	63698709
20221107	trades	8	21583338
20221107	trades	9	55143887
20221107	xinqing	8	2056067
20221107	xinqing	9	10852044
20221108	orders	8	26613364
20221108	orders	9	57594887
20221108	trades	8	19646501
20221108	trades	9	49361795
20221108	xinqing	8	2036743
20221108	xinqing	9	10464813
20221109	orders	8	24591246
20221109	orders	9	55586758
20221109	trades	8	17597516
20221109	trades	9	44777921
20221109	xinqing	8	1571697
20221109	xinqing	9	10724984
20221110	orders	8	25706682
20221110	orders	9	58400832
20221110	trades	8	18901484
20221110	trades	9	49911803
20221110	xinqing	8	1945177
20221110	xinqing	9	11105973
20221111	orders	8	31927555
20221111	orders	9	70983992
20221111	trades	8	24308010
20221111	trades	9	62198986
20221111	xinqing	8	2031680
20221111	xinqing	9	11557531
20221114	orders	8	31271303
20221114	orders	9	65522114
20221114	trades	8	24021119
20221114	trades	9	57546367
20221114	xinqing	8	1995227
20221114	xinqing	9	11216327
20221115	orders	8	26854326
20221115	orders	9	66894050
20221115	trades	8	19349764
20221115	trades	9	57790019
20221115	xinqing	8	1954702
20221115	xinqing	9	11161772
20221116	orders	8	28310703
20221116	orders	9	60314556
20221116	trades	8	20534197
20221116	trades	9	51827091
20221116	xinqing	8	1977988
20221116	xinqing	9	10989936
20221117	orders	8	26820643
20221117	orders	9	60368598
20221117	trades	8	19581092
20221117	trades	9	51527194
20221117	xinqing	8	1961935
20221117	xinqing	9	10954996
20221118	orders	8	26423565
20221118	orders	9	64918107
20221118	trades	8	18937756
20221118	trades	9	56936297
20221118	xinqing	8	1953916
20221118	xinqing	9	11169916
20221121	orders	8	28207717
20221121	orders	9	58604674
20221121	trades	8	21295682
20221121	trades	9	49998739
20221121	xinqing	8	1974688
20221121	xinqing	9	10910754
20221122	orders	8	25630361
20221122	orders	9	62440239
20221122	trades	8	18428268
20221122	trades	9	53936938
20221122	xinqing	8	1946417
20221122	xinqing	9	11118851
20221123	orders	8	25891072
20221123	orders	9	59767576
20221123	trades	8	18962052
20221123	trades	9	51118742
20221123	xinqing	8	1953098
20221123	xinqing	9	11411177
20221124	orders	8	24872703
20221124	orders	9	54533324
20221124	trades	8	17691691
20221124	trades	9	46283015
20221124	xinqing	8	1952364
20221124	xinqing	9	10791362
20221125	orders	8	25047917
20221125	orders	9	54563010
20221125	trades	8	18028383
20221125	trades	9	46360614
20221125	xinqing	8	1932171
20221125	xinqing	9	10692736
20221128	orders	8	27558990
20221128	orders	9	54900861
20221128	trades	8	20865981
20221128	trades	9	46996624
20221128	xinqing	8	2001559
20221128	xinqing	9	10806858
20221129	orders	8	26153319
20221129	orders	9	62724469
20221129	trades	8	19276584
20221129	trades	9	54500936
20221129	xinqing	8	1968601
20221129	xinqing	9	11205587
20221130	orders	8	27858033
20221130	orders	9	61404921
20221130	trades	8	20451502
20221130	trades	9	53350629
20221130	xinqing	8	1981034
20221130	xinqing	9	11095447
20221201	orders	8	30852978
20221201	orders	9	60360668
20221201	trades	8	23097322
20221201	trades	9	52791022
20221201	xinqing	8	2022101
20221201	xinqing	9	11070967
20221202	orders	8	25750141
20221202	orders	9	55256595
20221202	trades	8	18559914
20221202	trades	9	48158840
20221202	xinqing	8	1970915
20221202	xinqing	9	10944928
20221205	orders	8	27731616
20221205	orders	9	63836145
20221205	trades	8	20649196
20221205	trades	9	56194164
20221205	xinqing	8	2013988
20221205	xinqing	9	11295248
20221206	orders	8	26762804
20221206	orders	9	62119123
20221206	trades	8	19831267
20221206	trades	9	54961710
20221206	xinqing	8	1957870
20221206	xinqing	9	11193388
20221207	orders	8	25597017
20221207	orders	9	61433368
20221207	trades	8	18237392
20221207	trades	9	53552104
20221207	xinqing	8	1957723
20221207	xinqing	9	11340163
20221208	orders	8	26350739
20221208	orders	9	56999980
20221208	trades	8	19177616
20221208	trades	9	49300019
20221208	xinqing	8	1965609
20221208	xinqing	9	11178402
20221209	orders	8	25771303
20221209	orders	9	62515377
20221209	trades	8	18650694
20221209	trades	9	54568716
20221209	xinqing	8	1963783
20221209	xinqing	9	11337593
20221212	orders	8	27584371
20221212	orders	9	57682782
20221212	trades	8	20857854
20221212	trades	9	50275891
20221212	xinqing	8	1990035
20221212	xinqing	9	10841038
20221213	orders	8	25187309
20221213	orders	9	54165052
20221213	trades	8	18285081
20221213	trades	9	46518295
20221213	xinqing	8	1949859
20221213	xinqing	9	10703303
20221214	orders	8	24831715
20221214	orders	9	53555549
20221214	trades	8	18103291
20221214	trades	9	46233715
20221214	xinqing	8	1943046
20221214	xinqing	9	10636958
20221215	orders	8	24650531
20221215	orders	9	51366925
20221215	trades	8	18184891
20221215	trades	9	44192664
20221215	xinqing	8	1934397
20221215	xinqing	9	10859744
20221216	orders	8	23773934
20221216	orders	9	52283072
20221216	trades	8	17500005
20221216	trades	9	45199239
20221216	xinqing	8	1950351
20221216	xinqing	9	10677332
20221219	orders	8	25189467
20221219	orders	9	51405959
20221219	trades	8	19451763
20221219	trades	9	45622362
20221219	xinqing	8	1965275
20221219	xinqing	9	10629571
20221220	orders	8	22484979
20221220	orders	9	48185041
20221220	trades	8	16775650
20221220	trades	9	40997642
20221220	xinqing	8	1913279
20221220	xinqing	9	10261064
20221221	orders	8	20052610
20221221	orders	9	45913393
20221221	trades	8	14438223
20221221	trades	9	39195983
20221221	xinqing	8	1867061
20221221	xinqing	9	10211521
20221222	orders	8	21035274
20221222	orders	9	48788909
20221222	trades	8	15511709
20221222	trades	9	42419442
20221222	xinqing	8	1889326
20221222	xinqing	9	10326233
20221223	orders	8	20014612
20221223	orders	9	44770063
20221223	trades	8	15025705
20221223	trades	9	38527856
20221223	xinqing	8	1900296
20221223	xinqing	9	10039179
20221226	orders	8	19701806
20221226	orders	9	44753971
20221226	trades	8	14940090
20221226	trades	9	39042312
20221226	xinqing	8	1872416
20221226	xinqing	9	10049262
20221227	orders	8	21611483
20221227	orders	9	46057001
20221227	trades	8	16381604
20221227	trades	9	39912117
20221227	xinqing	8	1888695
20221227	xinqing	9	10056677
20221228	orders	8	21747660
20221228	orders	9	47089304
20221228	trades	8	16055703
20221228	trades	9	40836333
20221228	xinqing	8	1879583
20221228	xinqing	9	10103177
20221229	orders	8	20290681
20221229	orders	9	45367854
20221229	trades	8	14831881
20221229	trades	9	39306988
20221229	xinqing	8	1859907
20221229	xinqing	9	10033705
20221230	orders	8	20137234
20221230	orders	9	44912774
20221230	trades	8	14587798
20221230	trades	9	38766582
20221230	xinqing	8	1851486
20221230	xinqing	9	9975344
20230103	orders	8	22365054
20230103	orders	9	53055184
20230103	trades	8	17041081
20230103	trades	9	46741013
20230103	xinqing	8	1913189
20230103	xinqing	9	10805741
20230104	orders	8	24084797
20230104	orders	9	54106952
20230104	trades	8	17897275
20230104	trades	9	47587172
20230104	xinqing	8	1942209
20230104	xinqing	9	10706239
20230105	orders	8	24510093
20230105	orders	9	54170406
20230105	trades	8	18134866
20230105	trades	9	46913569
20230105	xinqing	8	1919261
20230105	xinqing	9	10616975
20230106	orders	8	23885525
20230106	orders	9	53661249
20230106	trades	8	17558255
20230106	trades	9	46761462
20230106	xinqing	8	1918836
20230106	xinqing	9	10634691
20230109	orders	8	22923075
20230109	orders	9	51345289
20230109	trades	8	16736316
20230109	trades	9	44505039
20230109	xinqing	8	1924476
20230109	xinqing	9	10436095
20230110	orders	8	22407643
20230110	orders	9	49253902
20230110	trades	8	16054256
20230110	trades	9	42373994
20230110	xinqing	8	1909593
20230110	xinqing	9	10231076
20230111	orders	8	21513920
20230111	orders	9	49426394
20230111	trades	8	15359645
20230111	trades	9	43042093
20230111	xinqing	8	1886842
20230111	xinqing	9	10273526
20230112	orders	8	21013239
20230112	orders	9	47697149
20230112	trades	8	14898924
20230112	trades	9	41267433
20230112	xinqing	8	1880709
20230112	xinqing	9	10163935
20230113	orders	8	20198872
20230113	orders	9	47208313
20230113	trades	8	14094700
20230113	trades	9	40869673
20230113	xinqing	8	1867581
20230113	xinqing	9	10062313
20230116	orders	8	22803992
20230116	orders	9	53942687
20230116	trades	8	17139745
20230116	trades	9	47690620
20230116	xinqing	8	1917007
20230116	xinqing	9	10625190
20230117	orders	8	21470028
20230117	orders	9	47170074
20230117	trades	8	15497223
20230117	trades	9	41087002
20230117	xinqing	8	1892067
20230117	xinqing	9	10266740
20230118	orders	8	19914386
20230118	orders	9	44588837
20230118	trades	8	13908296
20230118	trades	9	38670597
20230118	xinqing	8	1878111
20230118	xinqing	9	10184513
20230119	orders	8	18964330
20230119	orders	9	45786453
20230119	trades	8	13381575
20230119	trades	9	39556489
20230119	xinqing	8	1875005
20230119	xinqing	9	10260011
20230120	orders	8	20293895
20230120	orders	9	47084598
20230120	trades	8	14693740
20230120	trades	9	41200953
20230120	xinqing	8	1904467
20230120	xinqing	9	10438263
20230130	orders	8	27754448
20230130	orders	9	54391704
20230130	trades	8	21871492
20230130	trades	9	48637391
20230130	xinqing	8	2040702
20230130	xinqing	9	10832560
20230131	orders	8	25063164
20230131	orders	9	54881182
20230131	trades	8	18486139
20230131	trades	9	48186870
20230131	xinqing	8	1975617
20230131	xinqing	9	10843911
20230201	orders	8	23982643
20230201	orders	9	61481624
20230201	trades	8	17378949
20230201	trades	9	54141566
20230201	xinqing	8	1963457
20230201	xinqing	9	11306169
20230202	orders	8	26441040
20230202	orders	9	58878299
20230202	trades	8	19495594
20230202	trades	9	51555644
20230202	xinqing	8	1996047
20230202	xinqing	9	11151398
20230203	orders	8	24017907
20230203	orders	9	55809619
20230203	trades	8	17576318
20230203	trades	9	48944149
20230203	xinqing	8	1965065
20230203	xinqing	9	11034140
20230206	orders	8	23929215
20230206	orders	9	51053451
20230206	trades	8	17689721
20230206	trades	9	45014058
20230206	xinqing	8	1967987
20230206	xinqing	9	10715642
20230207	orders	8	21786872
20230207	orders	9	52624985
20230207	trades	8	15459645
20230207	trades	9	45592742
20230207	xinqing	8	1930932
20230207	xinqing	9	10922109
20230208	orders	8	22409299
20230208	orders	9	49694287
20230208	trades	8	16097720
20230208	trades	9	43362471
20230208	xinqing	8	1946321
20230208	xinqing	9	10783464
20230209	orders	8	22249057
20230209	orders	9	53294843
20230209	trades	8	15535228
20230209	trades	9	46760867
20230209	xinqing	8	1935224
20230209	xinqing	9	11008532
20230210	orders	8	22972288
20230210	orders	9	52730385
20230210	trades	8	16249463
20230210	trades	9	46193571
20230210	xinqing	8	1947648
20230210	xinqing	9	10983758
20230213	orders	8	24174596
20230213	orders	9	57661826
20230213	trades	8	17366313
20230213	trades	9	50305458
20230213	xinqing	8	1976856
20230213	xinqing	9	11171577
20230214	orders	8	24892923
20230214	orders	9	53181195
20230214	trades	8	17934644
20230214	trades	9	46722201
20230214	xinqing	8	1972690
20230214	xinqing	9	10948513
20230215	orders	8	23494344
20230215	orders	9	54947076
20230215	trades	8	16616909
20230215	trades	9	48605899
20230215	xinqing	8	1955728
20230215	xinqing	9	11024384
20230216	orders	8	23489425
20230216	orders	9	68036253
20230216	trades	8	16719286
20230216	trades	9	61878539
20230216	xinqing	8	1956998
20230216	xinqing	9	11390936
20230217	orders	8	25060534
20230217	orders	9	55558329
20230217	trades	8	18372975
20230217	trades	9	49079988
20230217	xinqing	8	1994297
20230217	xinqing	9	10928407
20230220	orders	8	25012597
20230220	orders	9	56431745
20230220	trades	8	18591878
20230220	trades	9	49257581
20230220	xinqing	8	1974898
20230220	xinqing	9	11006588
20230221	orders	8	25131315
20230221	orders	9	56093258
20230221	trades	8	18224122
20230221	trades	9	48601387
20230221	xinqing	8	1973590
20230221	xinqing	9	10930896
20230222	orders	8	23021266
20230222	orders	9	50751131
20230222	trades	8	16256975
20230222	trades	9	43608617
20230222	xinqing	8	1949201
20230222	xinqing	9	10719996
20230223	orders	8	22852120
20230223	orders	9	51490091
20230223	trades	8	15856196
20230223	trades	9	44760857
20230223	xinqing	8	1947319
20230223	xinqing	9	10834027
20230224	orders	8	20693901
20230224	orders	9	47985104
20230224	trades	8	14202045
20230224	trades	9	41430522
20230224	xinqing	8	1918043
20230224	xinqing	9	10579487
20230227	orders	8	21526004
20230227	orders	9	49019077
20230227	trades	8	15441835
20230227	trades	9	42645167
20230227	xinqing	8	1943164
20230227	xinqing	9	10715814
20230228	orders	8	21529787
20230228	orders	9	48889973
20230228	trades	8	15130151
20230228	trades	9	42416758
20230228	xinqing	8	1941209
20230228	xinqing	9	10580711
20230301	orders	8	21679677
20230301	orders	9	54651886
20230301	trades	8	15163491
20230301	trades	9	47665378
20230301	xinqing	8	1937878
20230301	xinqing	9	10918106
20230302	orders	8	23521397
20230302	orders	9	54605943
20230302	trades	8	16514373
20230302	trades	9	47840113
20230302	xinqing	8	1963335
20230302	xinqing	9	10880949
20230303	orders	8	22463482
20230303	orders	9	53509224
20230303	trades	8	15681324
20230303	trades	9	46412191
20230303	xinqing	8	1942514
20230303	xinqing	9	10873003
20230306	orders	8	24934979
20230306	orders	9	55882198
20230306	trades	8	18587771
20230306	trades	9	48971912
20230306	xinqing	8	1977473
20230306	xinqing	9	10861288
20230307	orders	8	22809368
20230307	orders	9	57042849
20230307	trades	8	16198019
20230307	trades	9	51361232
20230307	xinqing	8	1949987
20230307	xinqing	9	11081813
20230308	orders	8	21812079
20230308	orders	9	46537338
20230308	trades	8	15704815
20230308	trades	9	40043183
20230308	xinqing	8	1940553
20230308	xinqing	9	10338008
20230309	orders	8	20831625
20230309	orders	9	45901776
20230309	trades	8	14632878
20230309	trades	9	39261160
20230309	xinqing	8	1925826
20230309	xinqing	9	10369731
20230310	orders	8	21073362
20230310	orders	9	48776703
20230310	trades	8	15330044
20230310	trades	9	42726070
20230310	xinqing	8	1946309
20230310	xinqing	9	10610989
20230313	orders	8	21383251
20230313	orders	9	50621857
20230313	trades	8	15805861
20230313	trades	9	43565736
20230313	xinqing	8	1963103
20230313	xinqing	9	10596815
20230314	orders	8	22028631
20230314	orders	9	55623663
20230314	trades	8	15990325
20230314	trades	9	48218760
20230314	xinqing	8	1935416
20230314	xinqing	9	10891369
20230315	orders	8	22262706
20230315	orders	9	50150805
20230315	trades	8	16139767
20230315	trades	9	43036071
20230315	xinqing	8	1946738
20230315	xinqing	9	10537339
20230316	orders	8	22839828
20230316	orders	9	52145417
20230316	trades	8	16602550
20230316	trades	9	45915936
20230316	xinqing	8	1936085
20230316	xinqing	9	10615441
20230317	orders	8	20642733
20230317	orders	9	55300941
20230317	trades	8	14670200
20230317	trades	9	48024078
20230317	xinqing	8	1925834
20230317	xinqing	9	10724934
20230320	orders	8	24860221
20230320	orders	9	57725534
20230320	trades	8	18913251
20230320	trades	9	50863586
20230320	xinqing	8	2041890
20230320	xinqing	9	10553735
20230321	orders	8	21729571
20230321	orders	9	53975297
20230321	trades	8	15660801
20230321	trades	9	46738224
20230321	xinqing	8	2001315
20230321	xinqing	9	10468397
20230322	orders	8	23246773
20230322	orders	9	52739568
20230322	trades	8	16784925
20230322	trades	9	46308942
20230322	xinqing	8	2038175
20230322	xinqing	9	10397713
20230323	orders	8	22391964
20230323	orders	9	54344035
20230323	trades	8	16114657
20230323	trades	9	47224225
20230323	xinqing	8	2014791
20230323	xinqing	9	10394966
20230324	orders	8	24680676
20230324	orders	9	57312260
20230324	trades	8	17766799
20230324	trades	9	50182621
20230324	xinqing	8	2030910
20230324	xinqing	9	10475045
20230327	orders	8	25037211
20230327	orders	9	58456036
20230327	trades	8	19088438
20230327	trades	9	51778422
20230327	xinqing	8	2037687
20230327	xinqing	9	10595584
20230328	orders	8	23878497
20230328	orders	9	54763877
20230328	trades	8	17655673
20230328	trades	9	48603803
20230328	xinqing	8	2016515
20230328	xinqing	9	10337960
20230329	orders	8	23039511
20230329	orders	9	54900595
20230329	trades	8	16736249
20230329	trades	9	47948155
20230329	xinqing	8	2006183
20230329	xinqing	9	10309700
20230330	orders	8	22543175
20230330	orders	9	55618541
20230330	trades	8	16300129
20230330	trades	9	48514062
20230330	xinqing	8	2012353
20230330	xinqing	9	10381352
20230331	orders	8	22440089
20230331	orders	9	55045883
20230331	trades	8	16146934
20230331	trades	9	48047691
20230331	xinqing	8	2018355
20230331	xinqing	9	10314190
20230403	orders	8	25287629
20230403	orders	9	61945079
20230403	trades	8	18954233
20230403	trades	9	54893384
20230403	xinqing	8	2041906
20230403	xinqing	9	10850610
20230404	orders	8	26315336
20230404	orders	9	65018744
20230404	trades	8	19684083
20230404	trades	9	57489251
20230404	xinqing	8	2055903
20230404	xinqing	9	10819743
20230406	orders	8	23719318
20230406	orders	9	58303495
20230406	trades	8	17746042
20230406	trades	9	51687338
20230406	xinqing	8	2010040
20230406	xinqing	9	10461204
20230407	orders	8	23653663
20230407	orders	9	52117965
20230407	trades	8	17361322
20230407	trades	9	45688345
20230407	xinqing	8	2009822
20230407	xinqing	9	10199319
20230410	orders	8	28381742
20230410	orders	9	62925331
20230410	trades	8	21088892
20230410	trades	9	56475363
20230410	xinqing	8	2033831
20230410	xinqing	9	10659719
20230411	orders	8	25724105
20230411	orders	9	58693383
20230411	trades	8	19202882
20230411	trades	9	51068954
20230411	xinqing	8	2028894
20230411	xinqing	9	10362444
20230412	orders	8	24713136
20230412	orders	9	57777156
20230412	trades	8	18123325
20230412	trades	9	50543184
20230412	xinqing	8	2013926
20230412	xinqing	9	10288429
20230413	orders	8	24594821
20230413	orders	9	58911903
20230413	trades	8	17896364
20230413	trades	9	51826493
20230413	xinqing	8	2012505
20230413	xinqing	9	10324189
20230414	orders	8	24504594
20230414	orders	9	58086484
20230414	trades	8	17946485
20230414	trades	9	50572940
20230414	xinqing	8	2002741
20230414	xinqing	9	10256343
20230417	orders	8	25882259
20230417	orders	9	57363161
20230417	trades	8	19564003
20230417	trades	9	50454897
20230417	xinqing	8	2023917
20230417	xinqing	9	10363168
20230418	orders	8	26265070
20230418	orders	9	55084844
20230418	trades	8	19839817
20230418	trades	9	48130625
20230418	xinqing	8	2027576
20230418	xinqing	9	10200612
20230419	orders	8	23349756
20230419	orders	9	57618670
20230419	trades	8	17003200
20230419	trades	9	50836616
20230419	xinqing	8	1990084
20230419	xinqing	9	10226198
20230420	orders	8	24274490
20230420	orders	9	57384219
20230420	trades	8	18251484
20230420	trades	9	50699714
20230420	xinqing	8	2016432
20230420	xinqing	9	10253441
20230421	orders	8	25496568
20230421	orders	9	63507490
20230421	trades	8	19196088
20230421	trades	9	56918100
20230421	xinqing	8	1999616
20230421	xinqing	9	10691511
20230424	orders	8	27220169
20230424	orders	9	59854872
20230424	trades	8	21548657
20230424	trades	9	52543839
20230424	xinqing	8	2043461
20230424	xinqing	9	10394749
20230425	orders	8	25163767
20230425	orders	9	65845357
20230425	trades	8	19535898
20230425	trades	9	58173820
20230425	xinqing	8	2006310
20230425	xinqing	9	10792001
20230426	orders	8	25203909
20230426	orders	9	62878349
20230426	trades	8	19216728
20230426	trades	9	54700442
20230426	xinqing	8	2016699
20230426	xinqing	9	10411635
20230427	orders	8	24667973
20230427	orders	9	60315192
20230427	trades	8	18330216
20230427	trades	9	52464952
20230427	xinqing	8	1994434
20230427	xinqing	9	10346972
20230428	orders	8	27031515
20230428	orders	9	61581827
20230428	trades	8	20567043
20230428	trades	9	53221184
20230428	xinqing	8	2025167
20230428	xinqing	9	10504125
20230504	orders	8	29846037
20230504	orders	9	64637937
20230504	trades	8	23412884
20230504	trades	9	57204396
20230504	xinqing	8	2019302
20230504	xinqing	9	10576701
20230505	orders	8	27542045
20230505	orders	9	61754679
20230505	trades	8	21123393
20230505	trades	9	54202192
20230505	xinqing	8	2038522
20230505	xinqing	9	10459978
20230508	orders	8	26654035
20230508	orders	9	63133166
20230508	trades	8	20284786
20230508	trades	9	55544547
20230508	xinqing	8	2012390
20230508	xinqing	9	10430824
20230509	orders	8	29204495
20230509	orders	9	67334545
20230509	trades	8	22262052
20230509	trades	9	59817038
20230509	xinqing	8	2000469
20230509	xinqing	9	10450474
20230510	orders	8	26001752
20230510	orders	9	61565764
20230510	trades	8	19499758
20230510	trades	9	53563805
20230510	xinqing	8	1983123
20230510	xinqing	9	10244031
20230511	orders	8	24675415
20230511	orders	9	54910904
20230511	trades	8	18089195
20230511	trades	9	46878555
20230511	xinqing	8	1980385
20230511	xinqing	9	10071765
20230512	orders	8	24155979
20230512	orders	9	52537078
20230512	trades	8	17535446
20230512	trades	9	45730040
20230512	xinqing	8	1981521
20230512	xinqing	9	10043944
20230515	orders	8	23593229
20230515	orders	9	58639646
20230515	trades	8	17727466
20230515	trades	9	51465140
20230515	xinqing	8	1975883
20230515	xinqing	9	10328872
20230516	orders	8	24166525
20230516	orders	9	52644593
20230516	trades	8	17665692
20230516	trades	9	46047801
20230516	xinqing	8	1988634
20230516	xinqing	9	10016194
20230517	orders	8	21280084
20230517	orders	9	49995485
20230517	trades	8	15453646
20230517	trades	9	42602495
20230517	xinqing	8	1942212
20230517	xinqing	9	10075420
20230518	orders	8	21284050
20230518	orders	9	52162200
20230518	trades	8	15237473
20230518	trades	9	44954043
20230518	xinqing	8	1972877
20230518	xinqing	9	10103843
20230519	orders	8	22435061
20230519	orders	9	50222899
20230519	trades	8	16402292
20230519	trades	9	43138467
20230519	xinqing	8	1984824
20230519	xinqing	9	9970173
20230522	orders	8	21880310
20230522	orders	9	51217814
20230522	trades	8	15838129
20230522	trades	9	43833190
20230522	xinqing	8	1979524
20230522	xinqing	9	10183471
20230523	orders	8	20781117
20230523	orders	9	49195087
20230523	trades	8	14779052
20230523	trades	9	42669933
20230523	xinqing	8	1971105
20230523	xinqing	9	9989431
20230524	orders	8	21039917
20230524	orders	9	51026929
20230524	trades	8	15455666
20230524	trades	9	43892151
20230524	xinqing	8	1980516
20230524	xinqing	9	10038362
20230525	orders	8	20939950
20230525	orders	9	54687613
20230525	trades	8	14929752
20230525	trades	9	46754381
20230525	xinqing	8	1962992
20230525	xinqing	9	10396105
20230526	orders	8	21095486
20230526	orders	9	50254919
20230526	trades	8	15535563
20230526	trades	9	42802857
20230526	xinqing	8	1963955
20230526	xinqing	9	10009360
20230529	orders	8	23201911
20230529	orders	9	51724836
20230529	trades	8	17218847
20230529	trades	9	44595447
20230529	xinqing	8	1989924
20230529	xinqing	9	10048226
20230530	orders	8	20909357
20230530	orders	9	56557306
20230530	trades	8	14900804
20230530	trades	9	48561725
20230530	xinqing	8	1947653
20230530	xinqing	9	10192998
20230531	orders	8	22481211
20230531	orders	9	53237282
20230531	trades	8	16118938
20230531	trades	9	45800433
20230531	xinqing	8	1966338
20230531	xinqing	9	10063063
20230601	orders	8	23603432
20230601	orders	9	57945202
20230601	trades	8	17369032
20230601	trades	9	49654405
20230601	xinqing	8	1994392
20230601	xinqing	9	10355155
20230602	orders	8	23180468
20230602	orders	9	56116008
20230602	trades	8	16608717
20230602	trades	9	48149401
20230602	xinqing	8	1976842
20230602	xinqing	9	10278394
20230605	orders	8	23557008
20230605	orders	9	52142902
20230605	trades	8	17105880
20230605	trades	9	44941016
20230605	xinqing	8	2007774
20230605	xinqing	9	10159106
20230606	orders	8	22836422
20230606	orders	9	56730736
20230606	trades	8	16639706
20230606	trades	9	49255671
20230606	xinqing	8	1997825
20230606	xinqing	9	10230363
20230607	orders	8	21805011
20230607	orders	9	50887483
20230607	trades	8	15792981
20230607	trades	9	43392481
20230607	xinqing	8	1975579
20230607	xinqing	9	9924452
20230608	orders	8	22658894
20230608	orders	9	54819558
20230608	trades	8	16486584
20230608	trades	9	46755929
20230608	xinqing	8	1951785
20230608	xinqing	9	10165900
20230609	orders	8	22408624
20230609	orders	9	57765128
20230609	trades	8	16205050
20230609	trades	9	49779744
20230609	xinqing	8	1971040
20230609	xinqing	9	10228798
20230612	orders	8	23969169
20230612	orders	9	57177974
20230612	trades	8	17846775
20230612	trades	9	48933031
20230612	xinqing	8	2001812
20230612	xinqing	9	10498517
20230613	orders	8	23945722
20230613	orders	9	54853311
20230613	trades	8	17542910
20230613	trades	9	47396299
20230613	xinqing	8	1990241
20230613	xinqing	9	10016099
20230614	orders	8	24199070
20230614	orders	9	56186391
20230614	trades	8	17536085
20230614	trades	9	48741216
20230614	xinqing	8	1987576
20230614	xinqing	9	10165035
20230615	orders	8	23852545
20230615	orders	9	58383820
20230615	trades	8	17307531
20230615	trades	9	50475800
20230615	xinqing	8	1980706
20230615	xinqing	9	10196564
20230616	orders	8	24833503
20230616	orders	9	58310814
20230616	trades	8	17840750
20230616	trades	9	50528830
20230616	xinqing	8	2000038
20230616	xinqing	9	10340710
20230619	orders	8	25121130
20230619	orders	9	56420855
20230619	trades	8	18554720
20230619	trades	9	49801012
20230619	xinqing	8	2009384
20230619	xinqing	9	10332609
20230620	orders	8	24509893
20230620	orders	9	56088884
20230620	trades	8	17966535
20230620	trades	9	48603905
20230620	xinqing	8	1992339
20230620	xinqing	9	10164606
20230621	orders	8	23676672
20230621	orders	9	56169886
20230621	trades	8	17477374
20230621	trades	9	49194266
20230621	xinqing	8	1974776
20230621	xinqing	9	10191058
20230626	orders	8	25922022
20230626	orders	9	57404680
20230626	trades	8	20057801
20230626	trades	9	50648795
20230626	xinqing	8	2012676
20230626	xinqing	9	10381767
20230627	orders	8	24259076
20230627	orders	9	55521137
20230627	trades	8	17894515
20230627	trades	9	47268969
20230627	xinqing	8	2008723
20230627	xinqing	9	10251758
20230628	orders	8	25237991
20230628	orders	9	54922822
20230628	trades	8	18882712
20230628	trades	9	46597196
20230628	xinqing	8	2008448
20230628	xinqing	9	10155464
20230629	orders	8	22713974
20230629	orders	9	53553745
20230629	trades	8	16357895
20230629	trades	9	46346883
20230629	xinqing	8	1977792
20230629	xinqing	9	10243814
20230630	orders	8	23974084
20230630	orders	9	56023729
20230630	trades	8	17077970
20230630	trades	9	47650891
20230630	xinqing	8	2018569
20230630	xinqing	9	10356805
20230703	orders	8	27158273
20230703	orders	9	59837292
20230703	trades	8	20397007
20230703	trades	9	51749010
20230703	xinqing	8	2036492
20230703	xinqing	9	10523643
20230704	orders	8	24370654
20230704	orders	9	57423492
20230704	trades	8	17358251
20230704	trades	9	49611539
20230704	xinqing	8	1995724
20230704	xinqing	9	10241940
20230705	orders	8	23078954
20230705	orders	9	54094813
20230705	trades	8	16253399
20230705	trades	9	46771450
20230705	xinqing	8	1976413
20230705	xinqing	9	10019748
20230706	orders	8	22859592
20230706	orders	9	51894958
20230706	trades	8	16359970
20230706	trades	9	44408800
20230706	xinqing	8	1957893
20230706	xinqing	9	9985282
20230707	orders	8	23359228
20230707	orders	9	51901423
20230707	trades	8	17075869
20230707	trades	9	43767123
20230707	xinqing	8	1970088
20230707	xinqing	9	9928042
20230710	orders	8	22736623
20230710	orders	9	48935976
20230710	trades	8	16358099
20230710	trades	9	41690424
20230710	xinqing	8	1978702
20230710	xinqing	9	9933704
20230711	orders	8	21028885
20230711	orders	9	50141595
20230711	trades	8	14844347
20230711	trades	9	42607357
20230711	xinqing	8	1949676
20230711	xinqing	9	9868513
20230712	orders	8	22741719
20230712	orders	9	55738016
20230712	trades	8	16097901
20230712	trades	9	48645469
20230712	xinqing	8	1965150
20230712	xinqing	9	10047928
20230713	orders	8	24131818
20230713	orders	9	54530592
20230713	trades	8	17375663
20230713	trades	9	47098610
20230713	xinqing	8	1990427
20230713	xinqing	9	10161252
20230714	orders	8	23300266
20230714	orders	9	52849035
20230714	trades	8	16703619
20230714	trades	9	45627255
20230714	xinqing	8	1959334
20230714	xinqing	9	9956189
20230717	orders	8	24551189
20230717	orders	9	52094794
20230717	trades	8	18329533
20230717	trades	9	44593326
20230717	xinqing	8	2005742
20230717	xinqing	9	10081691
20230718	orders	8	21533503
20230718	orders	9	53123504
20230718	trades	8	15399268
20230718	trades	9	45450650
20230718	xinqing	8	1950486
20230718	xinqing	9	10088789
20230719	orders	8	21066924
20230719	orders	9	48844323
20230719	trades	8	14655370
20230719	trades	9	41395799
20230719	xinqing	8	1972354
20230719	xinqing	9	9844686
20230720	orders	8	22021260
20230720	orders	9	53069184
20230720	trades	8	15767886
20230720	trades	9	46681328
20230720	xinqing	8	1979710
20230720	xinqing	9	10355525
20230721	orders	8	21518618
20230721	orders	9	50849875
20230721	trades	8	15237542
20230721	trades	9	43542013
20230721	xinqing	8	1974067
20230721	xinqing	9	10178833
20230724	orders	8	21766454
20230724	orders	9	48439257
20230724	trades	8	15748343
20230724	trades	9	41477189
20230724	xinqing	8	1968535
20230724	xinqing	9	9936758
20230725	orders	8	26275377
20230725	orders	9	57432209
20230725	trades	8	19389190
20230725	trades	9	49768840
20230725	xinqing	8	2019170
20230725	xinqing	9	10361029
20230726	orders	8	24441085
20230726	orders	9	53412037
20230726	trades	8	17472478
20230726	trades	9	46130756
20230726	xinqing	8	2007588
20230726	xinqing	9	10179407
20230727	orders	8	22757218
20230727	orders	9	53763401
20230727	trades	8	16037419
20230727	trades	9	46363612
20230727	xinqing	8	1998032
20230727	xinqing	9	10221143
20230728	orders	8	22461083
20230728	orders	9	63575981
20230728	trades	8	16113617
20230728	trades	9	54947329
20230728	xinqing	8	1980922
20230728	xinqing	9	10604207
20230731	orders	8	29692954
20230731	orders	9	64713516
20230731	trades	8	22797193
20230731	trades	9	57302385
20230731	xinqing	8	2062811
20230731	xinqing	9	10793326
20230801	orders	8	27255100
20230801	orders	9	64165458
20230801	trades	8	19938258
20230801	trades	9	55440510
20230801	xinqing	8	2041838
20230801	xinqing	9	10662320
20230802	orders	8	25367140
20230802	orders	9	58512555
20230802	trades	8	18198975
20230802	trades	9	50330717
20230802	xinqing	8	2004783
20230802	xinqing	9	10330870
20230803	orders	8	23883804
20230803	orders	9	58024967
20230803	trades	8	16995304
20230803	trades	9	50065636
20230803	xinqing	8	1988252
20230803	xinqing	9	10240399
20230804	orders	8	26715958
20230804	orders	9	63488530
20230804	trades	8	19427626
20230804	trades	9	55002384
20230804	xinqing	8	2020940
20230804	xinqing	9	10371797
20230807	orders	8	26284754
20230807	orders	9	56423311
20230807	trades	8	19954174
20230807	trades	9	49806376
20230807	xinqing	8	2023574
20230807	xinqing	9	10268401
20230808	orders	8	22247829
20230808	orders	9	55714658
20230808	trades	8	15950230
20230808	trades	9	47893028
20230808	xinqing	8	1967684
20230808	xinqing	9	10062272
20230809	orders	8	21608978
20230809	orders	9	52162944
20230809	trades	8	14841941
20230809	trades	9	45244842
20230809	xinqing	8	1946762
20230809	xinqing	9	10025512
20230810	orders	8	19790263
20230810	orders	9	48572712
20230810	trades	8	13961655
20230810	trades	9	41511211
20230810	xinqing	8	1946734
20230810	xinqing	9	9776823
20230811	orders	8	20759207
20230811	orders	9	55116267
20230811	trades	8	14783872
20230811	trades	9	49013081
20230811	xinqing	8	1950303
20230811	xinqing	9	10226522
20230814	orders	8	22922490
20230814	orders	9	53594997
20230814	trades	8	17224511
20230814	trades	9	45739258
20230814	xinqing	8	1992878
20230814	xinqing	9	10196101
20230815	orders	8	21248581
20230815	orders	9	52474474
20230815	trades	8	15107241
20230815	trades	9	43897452
20230815	xinqing	8	1957994
20230815	xinqing	9	10053846
20230816	orders	8	19319214
20230816	orders	9	52150166
20230816	trades	8	13496726
20230816	trades	9	44256470
20230816	xinqing	8	1932336
20230816	xinqing	9	9868551
20230817	orders	8	21056885
20230817	orders	9	57205704
20230817	trades	8	15274693
20230817	trades	9	48145600
20230817	xinqing	8	1976461
20230817	xinqing	9	10444343
20230818	orders	8	21705202
20230818	orders	9	54443874
20230818	trades	8	15426575
20230818	trades	9	47134322
20230818	xinqing	8	1981602
20230818	xinqing	9	10267552
20230821	orders	8	22846043
20230821	orders	9	52364775
20230821	trades	8	16982302
20230821	trades	9	44776882
20230821	xinqing	8	1998142
20230821	xinqing	9	10245405
20230822	orders	8	21839293
20230822	orders	9	62310461
20230822	trades	8	16032757
20230822	trades	9	53146359
20230822	xinqing	8	2003014
20230822	xinqing	9	10734479
20230823	orders	8	21827131
20230823	orders	9	54457843
20230823	trades	8	15968169
20230823	trades	9	46504473
20230823	xinqing	8	1977373
20230823	xinqing	9	10092666
20230824	orders	8	22138353
20230824	orders	9	56613293
20230824	trades	8	16519906
20230824	trades	9	47855898
20230824	xinqing	8	1997398
20230824	xinqing	9	10248055
20230825	orders	8	22705559
20230825	orders	9	59285901
20230825	trades	8	16757560
20230825	trades	9	50383043
20230825	xinqing	8	1990650
20230825	xinqing	9	10472073
20230828	orders	8	35254000
20230828	orders	9	69397721
20230828	trades	8	27551123
20230828	trades	9	60834348
20230828	xinqing	8	2160456
20230828	xinqing	9	10956127
20230829	orders	8	27290387
20230829	orders	9	72447549
20230829	trades	8	20937298
20230829	trades	9	63153390
20230829	xinqing	8	2062009
20230829	xinqing	9	11117362
20230830	orders	8	28232107
20230830	orders	9	63037290
20230830	trades	8	20932727
20230830	trades	9	54070759
20230830	xinqing	8	2071854
20230830	xinqing	9	10645231
20230831	orders	8	26250042
20230831	orders	9	58156775
20230831	trades	8	19140386
20230831	trades	9	49793129
20230831	xinqing	8	2045937
20230831	xinqing	9	10357719
20230901	orders	8	23300241
20230901	orders	9	54410723
20230901	trades	8	16748921
20230901	trades	9	46670610
20230901	xinqing	8	2005416
20230901	xinqing	9	10277514
20230904	orders	8	24075500
20230904	orders	9	63411662
20230904	trades	8	17336231
20230904	trades	9	55039108
20230904	xinqing	8	2026220
20230904	xinqing	9	10835512
20230905	orders	8	24246720
20230905	orders	9	54568932
20230905	trades	8	17413196
20230905	trades	9	47169698
20230905	xinqing	8	2027173
20230905	xinqing	9	10369492
20230906	orders	8	20702383
20230906	orders	9	52168089
20230906	trades	8	14391962
20230906	trades	9	44170965
20230906	xinqing	8	1968186
20230906	xinqing	9	10205314
20230907	orders	8	21848669
20230907	orders	9	52068529
20230907	trades	8	15430889
20230907	trades	9	44890974
20230907	xinqing	8	1954278
20230907	xinqing	9	10139693
20230908	orders	8	18162695
20230908	orders	9	47076043
20230908	trades	8	12998824
20230908	trades	9	40401587
20230908	xinqing	8	1901565
20230908	xinqing	9	9785853
20230911	orders	8	23132161
20230911	orders	9	56204769
20230911	trades	8	16850652
20230911	trades	9	47988356
20230911	xinqing	8	1963466
20230911	xinqing	9	10382491
20230912	orders	8	21353525
20230912	orders	9	47908887
20230912	trades	8	14907063
20230912	trades	9	40912430
20230912	xinqing	8	1928142
20230912	xinqing	9	9783287
20230913	orders	8	20266419
20230913	orders	9	51023789
20230913	trades	8	14750010
20230913	trades	9	43416159
20230913	xinqing	8	1819792
20230913	xinqing	9	10118325
20230914	orders	8	19417580
20230914	orders	9	49171447
20230914	trades	8	14036634
20230914	trades	9	41694944
20230914	xinqing	8	1890168
20230914	xinqing	9	9871279
20230915	orders	8	20153144
20230915	orders	9	52747124
20230915	trades	8	14152992
20230915	trades	9	44646081
20230915	xinqing	8	1908582
20230915	xinqing	9	10151413
20230918	orders	8	21992485
20230918	orders	9	53597437
20230918	trades	8	15801909
20230918	trades	9	45214077
20230918	xinqing	8	1934251
20230918	xinqing	9	10254952
20230919	orders	8	21124854
20230919	orders	9	49203539
20230919	trades	8	15053119
20230919	trades	9	41723715
20230919	xinqing	8	1947087
20230919	xinqing	9	9876348
20230920	orders	8	20435678
20230920	orders	9	46834353
20230920	trades	8	14233249
20230920	trades	9	39465189
20230920	xinqing	8	1910921
20230920	xinqing	9	9702835
20230921	orders	8	19479304
20230921	orders	9	49626044
20230921	trades	8	13629683
20230921	trades	9	41210247
20230921	xinqing	8	1909739
20230921	xinqing	9	9884021
20230922	orders	8	19943930
20230922	orders	9	56346907
20230922	trades	8	14020268
20230922	trades	9	47215067
20230922	xinqing	8	1907292
20230922	xinqing	9	10212986
20230925	orders	8	22204510
20230925	orders	9	51430982
20230925	trades	8	16025461
20230925	trades	9	43477604
20230925	xinqing	8	1941211
20230925	xinqing	9	9895925
20230926	orders	8	19454673
20230926	orders	9	47296670
20230926	trades	8	13683764
20230926	trades	9	39637918
20230926	xinqing	8	1869358
20230926	xinqing	9	9541614
20230927	orders	8	20361950
20230927	orders	9	51737334
20230927	trades	8	14376381
20230927	trades	9	43431708
20230927	xinqing	8	1916292
20230927	xinqing	9	9885630
20230928	orders	8	20424668
20230928	orders	9	51386827
20230928	trades	8	14571616
20230928	trades	9	43374411
20230928	xinqing	8	1906543
20230928	xinqing	9	9970991
20231009	orders	8	22017085
20231009	orders	9	54772913
20231009	trades	8	17499966
20231009	trades	9	47474337
20231009	xinqing	8	1845373
20231009	xinqing	9	10273390
20231010	orders	8	23266676
20231010	orders	9	51742891
20231010	trades	8	17302476
20231010	trades	9	44574474
20231010	xinqing	8	1928221
20231010	xinqing	9	9784386
20231011	orders	8	22559478
20231011	orders	9	54885727
20231011	trades	8	16460858
20231011	trades	9	46822095
20231011	xinqing	8	1922158
20231011	xinqing	9	10031974
20231012	orders	8	23355108
20231012	orders	9	53575031
20231012	trades	8	16990811
20231012	trades	9	45270741
20231012	xinqing	8	1915221
20231012	xinqing	9	9903810
20231013	orders	8	23046928
20231013	orders	9	51607145
20231013	trades	8	16736012
20231013	trades	9	44259875
20231013	xinqing	8	1918147
20231013	xinqing	9	9745607
20231016	orders	8	24163502
20231016	orders	9	53931728
20231016	trades	8	18312360
20231016	trades	9	46543853
20231016	xinqing	8	1933647
20231016	xinqing	9	9916413
20231017	orders	8	22807069
20231017	orders	9	52257579
20231017	trades	8	16728829
20231017	trades	9	43885441
20231017	xinqing	8	1912421
20231017	xinqing	9	9686970
20231018	orders	8	23099377
20231018	orders	9	51196476
20231018	trades	8	17269767
20231018	trades	9	43732384
20231018	xinqing	8	1896516
20231018	xinqing	9	9666865
20231019	orders	8	24012892
20231019	orders	9	55502035
20231019	trades	8	18006221
20231019	trades	9	47174941
20231019	xinqing	8	1918961
20231019	xinqing	9	9945028
20231020	orders	8	23254268
20231020	orders	9	52558198
20231020	trades	8	17316454
20231020	trades	9	43988675
20231020	xinqing	8	1914729
20231020	xinqing	9	9742652
20231023	orders	8	23647274
20231023	orders	9	53922603
20231023	trades	8	18097271
20231023	trades	9	46697699
20231023	xinqing	8	1929079
20231023	xinqing	9	10086798
20231024	orders	8	24564762
20231024	orders	9	60532591
20231024	trades	8	18627310
20231024	trades	9	51126598
20231024	xinqing	8	1945603
20231024	xinqing	9	10355835
20231025	orders	8	28628358
20231025	orders	9	57383772
20231025	trades	8	21703531
20231025	trades	9	48859336
20231025	xinqing	8	1990693
20231025	xinqing	9	10078775
20231026	orders	8	26307953
20231026	orders	9	58854113
20231026	trades	8	19457677
20231026	trades	9	49021201
20231026	xinqing	8	1964211
20231026	xinqing	9	10164474
20231027	orders	8	27274623
20231027	orders	9	63978494
20231027	trades	8	20319535
20231027	trades	9	53752490
20231027	xinqing	8	1977184
20231027	xinqing	9	10629589
20231030	orders	8	29759030
20231030	orders	9	67497396
20231030	trades	8	22461207
20231030	trades	9	58197863
20231030	xinqing	8	2017887
20231030	xinqing	9	10871925
20231031	orders	8	27924012
20231031	orders	9	62170381
20231031	trades	8	20583642
20231031	trades	9	53029622
20231031	xinqing	8	2015425
20231031	xinqing	9	10535520
20231101	orders	8	26126403
20231101	orders	9	56779928
20231101	trades	8	18935384
20231101	trades	9	48132826
20231101	xinqing	8	1984815
20231101	xinqing	9	10495768
20231102	orders	8	24175267
20231102	orders	9	54301621
20231102	trades	8	17364784
20231102	trades	9	45957955
20231102	xinqing	8	1964994
20231102	xinqing	9	10203919
20231103	orders	8	23190490
20231103	orders	9	57151403
20231103	trades	8	16704068
20231103	trades	9	48072677
20231103	xinqing	8	1968272
20231103	xinqing	9	10396612
20231106	orders	8	27403108
20231106	orders	9	63231520
20231106	trades	8	20521517
20231106	trades	9	55093041
20231106	xinqing	8	2008113
20231106	xinqing	9	10848228
20231107	orders	8	26277670
20231107	orders	9	60142058
20231107	trades	8	19002619
20231107	trades	9	51142430
20231107	xinqing	8	1989166
20231107	xinqing	9	10641181
20231108	orders	8	25453621
20231108	orders	9	61019634
20231108	trades	8	18307973
20231108	trades	9	52233580
20231108	xinqing	8	1970543
20231108	xinqing	9	10519044
20231109	orders	8	26063061
20231109	orders	9	59064458
20231109	trades	8	18855223
20231109	trades	9	49847870
20231109	xinqing	8	1980877
20231109	xinqing	9	10404448
20231110	orders	8	24108499
20231110	orders	9	54999984
20231110	trades	8	17325038
20231110	trades	9	46278819
20231110	xinqing	8	1962926
20231110	xinqing	9	10180622
20231113	orders	8	24338698
20231113	orders	9	57254580
20231113	trades	8	17881927
20231113	trades	9	48950997
20231113	xinqing	8	1988880
20231113	xinqing	9	10557555
20231114	orders	8	23693716
20231114	orders	9	56301763
20231114	trades	8	17013156
20231114	trades	9	47974694
20231114	xinqing	8	1979188
20231114	xinqing	9	10358430
20231115	orders	8	25788623
20231115	orders	9	57426940
20231115	trades	8	18603660
20231115	trades	9	48702761
20231115	xinqing	8	1999460
20231115	xinqing	9	10392468
20231116	orders	8	24340577
20231116	orders	9	52322683
20231116	trades	8	17219643
20231116	trades	9	44709425
20231116	xinqing	8	1968969
20231116	xinqing	9	10074246
20231117	orders	8	23087537
20231117	orders	9	54202337
20231117	trades	8	16464063
20231117	trades	9	46208958
20231117	xinqing	8	1946854
20231117	xinqing	9	10245428
20231120	orders	8	25039905
20231120	orders	9	57404951
20231120	trades	8	18531323
20231120	trades	9	48778186
20231120	xinqing	8	2000530
20231120	xinqing	9	10595000
20231121	orders	8	26227994
20231121	orders	9	59265819
20231121	trades	8	18973571
20231121	trades	9	51062464
20231121	xinqing	8	2013913
20231121	xinqing	9	10560331
20231122	orders	8	25091658
20231122	orders	9	56324129
20231122	trades	8	18113898
20231122	trades	9	48479101
20231122	xinqing	8	1980653
20231122	xinqing	9	10335131
20231123	orders	8	25099474
20231123	orders	9	55718797
20231123	trades	8	18341312
20231123	trades	9	46751031
20231123	xinqing	8	1972657
20231123	xinqing	9	10342571
20231124	orders	8	25588612
20231124	orders	9	54839338
20231124	trades	8	18667750
20231124	trades	9	46398133
20231124	xinqing	8	1991285
20231124	xinqing	9	10319111
20231127	orders	8	25795012
20231127	orders	9	56304440
20231127	trades	8	19760909
20231127	trades	9	47814737
20231127	xinqing	8	1993877
20231127	xinqing	9	10416551
20231128	orders	8	24524092
20231128	orders	9	55399645
20231128	trades	8	17659914
20231128	trades	9	46177605
20231128	xinqing	8	1985811
20231128	xinqing	9	10387984
20231129	orders	8	23909869
20231129	orders	9	53844563
20231129	trades	8	17006507
20231129	trades	9	45560459
20231129	xinqing	8	1967677
20231129	xinqing	9	10229525
20231130	orders	8	23299268
20231130	orders	9	55835869
20231130	trades	8	16834659
20231130	trades	9	47413809
20231130	xinqing	8	1971305
20231130	xinqing	9	10439374
20231201	orders	8	24238587
20231201	orders	9	58111896
20231201	trades	8	17560707
20231201	trades	9	49130483
20231201	xinqing	8	1981986
20231201	xinqing	9	10500637
20231204	orders	8	26026922
20231204	orders	9	55820452
20231204	trades	8	19037559
20231204	trades	9	47791999
20231204	xinqing	8	2001642
20231204	xinqing	9	10504606
20231205	orders	8	25360070
20231205	orders	9	56197012
20231205	trades	8	18465589
20231205	trades	9	47979621
20231205	xinqing	8	1981810
20231205	xinqing	9	10335897
20231206	orders	8	26295548
20231206	orders	9	59690852
20231206	trades	8	19285990
20231206	trades	9	49851651
20231206	xinqing	8	1993642
20231206	xinqing	9	10527721
20231207	orders	8	24659164
20231207	orders	9	58247955
20231207	trades	8	17843710
20231207	trades	9	48795891
20231207	xinqing	8	1978259
20231207	xinqing	9	10522121
20231208	orders	8	24641845
20231208	orders	9	62947016
20231208	trades	8	17925453
20231208	trades	9	54103066
20231208	xinqing	8	2001306
20231208	xinqing	9	10994508
20231211	orders	8	28445690
20231211	orders	9	66181676
20231211	trades	8	21525756
20231211	trades	9	56331241
20231211	xinqing	8	2045002
20231211	xinqing	9	11031803
20231212	orders	8	24701364
20231212	orders	9	56212057
20231212	trades	8	17765260
20231212	trades	9	46833545
20231212	xinqing	8	1989893
20231212	xinqing	9	10376652
20231213	orders	8	23484863
20231213	orders	9	54791788
20231213	trades	8	16655730
20231213	trades	9	46333546
20231213	xinqing	8	1964597
20231213	xinqing	9	10426055
20231214	orders	8	24537493
20231214	orders	9	53890823
20231214	trades	8	17436585
20231214	trades	9	44915944
20231214	xinqing	8	1983666
20231214	xinqing	9	10295758
20231215	orders	8	24156689
20231215	orders	9	56505791
20231215	trades	8	17353171
20231215	trades	9	46825363
20231215	xinqing	8	1966096
20231215	xinqing	9	10466644
20231218	orders	8	24793949
20231218	orders	9	54698517
20231218	trades	8	17953558
20231218	trades	9	46448404
20231218	xinqing	8	1973078
20231218	xinqing	9	10399730
20231219	orders	8	22243506
20231219	orders	9	52128151
20231219	trades	8	16073570
20231219	trades	9	43343892
20231219	xinqing	8	1934261
20231219	xinqing	9	10182611
20231220	orders	8	21946471
20231220	orders	9	51734344
20231220	trades	8	15785635
20231220	trades	9	44071225
20231220	xinqing	8	1948717
20231220	xinqing	9	10170216
20231221	orders	8	23395813
20231221	orders	9	58247434
20231221	trades	8	17326213
20231221	trades	9	49274719
20231221	xinqing	8	1971860
20231221	xinqing	9	10547330
20231222	orders	8	22909316
20231222	orders	9	62936127
20231222	trades	8	16805900
20231222	trades	9	53579099
20231222	xinqing	8	1961310
20231222	xinqing	9	10616916
20231225	orders	8	24011921
20231225	orders	9	49692535
20231225	trades	8	18283317
20231225	trades	9	41786612
20231225	xinqing	8	1972000
20231225	xinqing	9	10116893
20231226	orders	8	21503681
20231226	orders	9	50117761
20231226	trades	8	15856544
20231226	trades	9	42396696
20231226	xinqing	8	1927637
20231226	xinqing	9	10007459
20231227	orders	8	22129408
20231227	orders	9	53436154
20231227	trades	8	16186251
20231227	trades	9	43765254
20231227	xinqing	8	1924965
20231227	xinqing	9	10185362
20231228	orders	8	24368562
20231228	orders	9	66300855
20231228	trades	8	17877294
20231228	trades	9	56498653
20231228	xinqing	8	1954118
20231228	xinqing	9	11015415
20231229	orders	8	25261544
20231229	orders	9	58013990
20231229	trades	8	18491103
20231229	trades	9	49432049
20231229	xinqing	8	1998146
20231229	xinqing	9	10634383
20240102	orders	8	25261366
20240102	orders	9	58276628
20240102	trades	8	18943558
20240102	trades	9	50364495
20240102	xinqing	8	2035525
20240102	xinqing	9	10986493
20240103	orders	8	24672158
20240103	orders	9	58620845
20240103	trades	8	17888464
20240103	trades	9	49777709
20240103	xinqing	8	2003838
20240103	xinqing	9	10695774
20240104	orders	8	23595905
20240104	orders	9	54254934
20240104	trades	8	17124898
20240104	trades	9	45953843
20240104	xinqing	8	1976036
20240104	xinqing	9	10345772
20240105	orders	8	23645125
20240105	orders	9	58328939
20240105	trades	8	17101109
20240105	trades	9	50396921
20240105	xinqing	8	1976862
20240105	xinqing	9	10588902
20240108	orders	8	24078609
20240108	orders	9	55492440
20240108	trades	8	17873434
20240108	trades	9	47310378
20240108	xinqing	8	1976140
20240108	xinqing	9	10478840
20240109	orders	8	22820181
20240109	orders	9	57650562
20240109	trades	8	16837436
20240109	trades	9	48454544
20240109	xinqing	8	1980449
20240109	xinqing	9	10546377
20240110	orders	8	25118400
20240110	orders	9	54077077
20240110	trades	8	18743561
20240110	trades	9	44717414
20240110	xinqing	8	1992190
20240110	xinqing	9	10229622
20240111	orders	8	23140675
20240111	orders	9	58948085
20240111	trades	8	16770772
20240111	trades	9	49714726
20240111	xinqing	8	1954137
20240111	xinqing	9	10690958
20240112	orders	8	24260581
20240112	orders	9	55034076
20240112	trades	8	17556331
20240112	trades	9	46367238
20240112	xinqing	8	1991416
20240112	xinqing	9	10439455
20240115	orders	8	23729500
20240115	orders	9	52014945
20240115	trades	8	17469228
20240115	trades	9	43138679
20240115	xinqing	8	1987496
20240115	xinqing	9	10308956
20240116	orders	8	22959636
20240116	orders	9	59322317
20240116	trades	8	16547858
20240116	trades	9	50139853
20240116	xinqing	8	1972834
20240116	xinqing	9	10747937
20240117	orders	8	21856086
20240117	orders	9	54235535
20240117	trades	8	15707367
20240117	trades	9	46591663
20240117	xinqing	8	1953340
20240117	xinqing	9	10392491
20240118	orders	8	26216740
20240118	orders	9	74628175
20240118	trades	8	19900562
20240118	trades	9	65304594
20240118	xinqing	8	2027678
20240118	xinqing	9	11607353
20240119	orders	8	25603529
20240119	orders	9	55756904
20240119	trades	8	19111787
20240119	trades	9	46802947
20240119	xinqing	8	2013354
20240119	xinqing	9	10548326
20240122	orders	8	24039530
20240122	orders	9	69993684
20240122	trades	8	18133471
20240122	trades	9	61272140
20240122	xinqing	8	1975473
20240122	xinqing	9	11329705
20240123	orders	8	27587094
20240123	orders	9	66248497
20240123	trades	8	21599348
20240123	trades	9	54827400
20240123	xinqing	8	2037749
20240123	xinqing	9	11086032
20240124	orders	8	24294887
20240124	orders	9	68890097
20240124	trades	8	18109985
20240124	trades	9	57835855
20240124	xinqing	8	2005690
20240124	xinqing	9	11278907
20240125	orders	8	26876227
20240125	orders	9	71155759
20240125	trades	8	20017928
20240125	trades	9	60009155
20240125	xinqing	8	2035844
20240125	xinqing	9	11422282
20240126	orders	8	29035060
20240126	orders	9	64754398
20240126	trades	8	21389673
20240126	trades	9	54124856
20240126	xinqing	8	2054586
20240126	xinqing	9	10945092
20240129	orders	8	28416642
20240129	orders	9	63465987
20240129	trades	8	21560939
20240129	trades	9	53437704
20240129	xinqing	8	2029711
20240129	xinqing	9	10888394
20240130	orders	8	26400933
20240130	orders	9	59238183
20240130	trades	8	19336618
20240130	trades	9	49006792
20240130	xinqing	8	1994950
20240130	xinqing	9	10489871
20240131	orders	8	25364412
20240131	orders	9	70798554
20240131	trades	8	19041007
20240131	trades	9	60128887
20240131	xinqing	8	2011177
20240131	xinqing	9	11141832
20240201	orders	8	27681170
20240201	orders	9	69321692
20240201	trades	8	21302145
20240201	trades	9	57657554
20240201	xinqing	8	2030541
20240201	xinqing	9	11097522
20240202	orders	8	24011019
20240202	orders	9	78788525
20240202	trades	8	17667350
20240202	trades	9	68188774
20240202	xinqing	8	1975559
20240202	xinqing	9	11534395
20240205	orders	8	31226416
20240205	orders	9	72068831
20240205	trades	8	25815854
20240205	trades	9	67092128
20240205	xinqing	8	2034416
20240205	xinqing	9	10735308
20240206	orders	8	29078720
20240206	orders	9	81948615
20240206	trades	8	23734948
20240206	trades	9	74870831
20240206	xinqing	5	1124241
20240206	xinqing	6	6237503
20240206	xinqing	8	917629
20240206	xinqing	9	5482144
20240207	orders	8	33594612
20240207	orders	9	81388990
20240207	trades	8	26620263
20240207	trades	9	75306250
20240207	xinqing	8	2083017
20240207	xinqing	9	11660945
20240208	orders	8	33386694
20240208	orders	9	79251269
20240208	trades	8	27642017
20240208	trades	9	71862814
20240208	xinqing	5	1146483
20240208	xinqing	6	6273906
20240208	xinqing	8	923402
20240208	xinqing	9	5559839
20240219	orders	8	30411461
20240219	orders	9	68688978
20240219	trades	8	24901736
20240219	trades	9	62592941
20240219	xinqing	8	1965510
20240219	xinqing	9	11201992
20240220	orders	8	24074605
20240220	orders	9	60861135
20240220	trades	8	17941512
20240220	trades	9	52834147
20240220	xinqing	8	2039933
20240220	xinqing	9	10867137
20240221	orders	8	22166506
20240221	orders	9	73557800
20240221	trades	8	15994318
20240221	trades	9	64240907
20240221	xinqing	8	2025411
20240221	xinqing	9	11556927
20240222	orders	8	24239254
20240222	orders	9	57819334
20240222	trades	8	17464836
20240222	trades	9	49196919
20240222	xinqing	8	2041259
20240222	xinqing	9	10947115
20240223	orders	8	25974489
20240223	orders	9	65303490
20240223	trades	8	18950482
20240223	trades	9	56071032
20240223	xinqing	8	2056648
20240223	xinqing	9	11217762
20240226	orders	8	27216249
20240226	orders	9	68436209
20240226	trades	8	20682110
20240226	trades	9	59991054
20240226	xinqing	8	2067297
20240226	xinqing	9	11570831
20240227	orders	8	25173066
20240227	orders	9	67147851
20240227	trades	8	18234764
20240227	trades	9	58792436
20240227	xinqing	8	2043808
20240227	xinqing	9	11203214
20240228	orders	8	29889654
20240228	orders	9	92041114
20240228	trades	8	22711151
20240228	trades	9	81726250
20240228	xinqing	8	2082797
20240228	xinqing	9	12158704
20240229	orders	8	30454052
20240229	orders	9	75898831
20240229	trades	8	22896314
20240229	trades	9	65205522
20240229	xinqing	8	2100189
20240229	xinqing	9	11496879
20240301	orders	8	29329721
20240301	orders	9	68510277
20240301	trades	8	21966443
20240301	trades	9	58734082
20240301	xinqing	8	2079082
20240301	xinqing	9	11135815
20240304	orders	8	28603024
20240304	orders	9	67395973
20240304	trades	8	21812127
20240304	trades	9	57880204
20240304	xinqing	8	2055404
20240304	xinqing	9	10997620
20240305	orders	8	26041106
20240305	orders	9	69528425
20240305	trades	8	19521315
20240305	trades	9	61307246
20240305	xinqing	8	2023053
20240305	xinqing	9	10891065
20240306	orders	8	24673588
20240306	orders	9	64935451
20240306	trades	8	17838255
20240306	trades	9	55070015
20240306	xinqing	8	2006906
20240306	xinqing	9	10875398
20240307	orders	8	24407867
20240307	orders	9	66335746
20240307	trades	8	17421565
20240307	trades	9	57315646
20240307	xinqing	8	2019867
20240307	xinqing	9	10970404
20240308	orders	8	23611681
20240308	orders	9	58267159
20240308	trades	8	16764827
20240308	trades	9	49551124
20240308	xinqing	8	1984335
20240308	xinqing	9	10487524
20240311	orders	8	25344499
20240311	orders	9	62324999
20240311	trades	8	18637817
20240311	trades	9	53888222
20240311	xinqing	8	2005886
20240311	xinqing	9	10839481
20240312	orders	8	28050598
20240312	orders	9	69898794
20240312	trades	8	20753483
20240312	trades	9	60748358
20240312	xinqing	8	2057652
20240312	xinqing	9	11092517
20240313	orders	8	28256706
20240313	orders	9	67430555
20240313	trades	8	20877792
20240313	trades	9	56992374
20240313	xinqing	8	2051285
20240313	xinqing	9	10987190
20240314	orders	8	28382241
20240314	orders	9	65380117
20240314	trades	8	20864590
20240314	trades	9	55039369
20240314	xinqing	8	2037971
20240314	xinqing	9	10920207
20240315	orders	8	24736317
20240315	orders	9	64729604
20240315	trades	8	17436446
20240315	trades	9	53876452
20240315	xinqing	8	2000316
20240315	xinqing	9	10905857
20240318	orders	8	29072597
20240318	orders	9	68970188
20240318	trades	8	21749467
20240318	trades	9	58641648
20240318	xinqing	8	2072969
20240318	xinqing	9	11216815
20240319	orders	8	29181506
20240319	orders	9	66509289
20240319	trades	8	21358931
20240319	trades	9	56647879
20240319	xinqing	8	2066341
20240319	xinqing	9	10986762
20240320	orders	8	26420787
20240320	orders	9	65320327
20240320	trades	8	18686277
20240320	trades	9	54429132
20240320	xinqing	8	2032794
20240320	xinqing	9	10917144
20240321	orders	8	28237369
20240321	orders	9	67473483
20240321	trades	8	20388276
20240321	trades	9	56913760
20240321	xinqing	8	2044072
20240321	xinqing	9	11002993
20240322	orders	8	28135399
20240322	orders	9	70519200
20240322	trades	8	20674622
20240322	trades	9	60368189
20240322	xinqing	8	2044545
20240322	xinqing	9	11108336
20240325	orders	8	28236368
20240325	orders	9	68817710
20240325	trades	8	21193025
20240325	trades	9	58574501
20240325	xinqing	8	2044309
20240325	xinqing	9	11065723
20240326	orders	8	27039115
20240326	orders	9	67788066
20240326	trades	8	19923252
20240326	trades	9	56689631
20240326	xinqing	8	2042776
20240326	xinqing	9	11035345
20240327	orders	8	26658439
20240327	orders	9	63705261
20240327	trades	8	19641754
20240327	trades	9	54007331
20240327	xinqing	8	2024176
20240327	xinqing	9	10736687
20240328	orders	8	26561173
20240328	orders	9	69298596
20240328	trades	8	19445098
20240328	trades	9	57586273
20240328	xinqing	8	2028144
20240328	xinqing	9	11150834
20240329	orders	8	25623702
20240329	orders	9	60382707
20240329	trades	8	18919743
20240329	trades	9	50847392
20240329	xinqing	8	2020071
20240329	xinqing	9	10672974
20240401	orders	8	29024599
20240401	orders	9	62992736
20240401	trades	8	22285438
20240401	trades	9	54383023
20240401	xinqing	8	2059713
20240401	xinqing	9	11069067
20240402	orders	8	28682668
20240402	orders	9	65729623
20240402	trades	8	21243729
20240402	trades	9	56351621
20240402	xinqing	8	2070497
20240402	xinqing	9	11045890
20240403	orders	8	28079916
20240403	orders	9	64055609
20240403	trades	8	21270332
20240403	trades	9	54180695
20240403	xinqing	8	2056517
20240403	xinqing	9	10927483
20240408	orders	8	29058931
20240408	orders	9	66300506
20240408	trades	8	21916689
20240408	trades	9	56571853
20240408	xinqing	8	2066274
20240408	xinqing	9	11089810
20240409	orders	8	26929123
20240409	orders	9	59617090
20240409	trades	8	19916796
20240409	trades	9	49865834
20240409	xinqing	8	2030018
20240409	xinqing	9	10736626
20240410	orders	8	26123133
20240410	orders	9	62250520
20240410	trades	8	19270600
20240410	trades	9	53009752
20240410	xinqing	8	2036772
20240410	xinqing	9	10935064
20240411	orders	8	25449078
20240411	orders	9	63531104
20240411	trades	8	18572060
20240411	trades	9	52998054
20240411	xinqing	8	2012579
20240411	xinqing	9	10837918
20240412	orders	8	24717675
20240412	orders	9	62013999
20240412	trades	8	17824880
20240412	trades	9	52819408
20240412	xinqing	8	2014020
20240412	xinqing	9	10679532
20240415	orders	8	34940180
20240415	orders	9	72620219
20240415	trades	8	27939162
20240415	trades	9	63406912
20240415	xinqing	8	2108256
20240415	xinqing	9	11255869
20240416	orders	8	34594464
20240416	orders	9	71160340
20240416	trades	8	27940669
20240416	trades	9	62446444
20240416	xinqing	8	2102854
20240416	xinqing	9	11018318
20240417	orders	8	31157068
20240417	orders	9	69897915
20240417	trades	8	24171749
20240417	trades	9	59647837
20240417	xinqing	8	2102301
20240417	xinqing	9	11137679
20240418	orders	8	30922870
20240418	orders	9	72402352
20240418	trades	8	23253425
20240418	trades	9	61018557
20240418	xinqing	8	2084743
20240418	xinqing	9	11063605
20240419	orders	8	28025163
20240419	orders	9	66309868
20240419	trades	8	20517089
20240419	trades	9	55738286
20240419	xinqing	8	2046448
20240419	xinqing	9	10790998
20240422	orders	8	31176668
20240422	orders	9	62486770
20240422	trades	8	23765986
20240422	trades	9	52574466
20240422	xinqing	8	2055259
20240422	xinqing	9	10484469
20240423	orders	8	26212520
20240423	orders	9	62223625
20240423	trades	8	19323493
20240423	trades	9	52841412
20240423	xinqing	8	2014033
20240423	xinqing	9	10475197
20240424	orders	8	25103258
20240424	orders	9	60015186
20240424	trades	8	18056158
20240424	trades	9	50116139
20240424	xinqing	8	1990247
20240424	xinqing	9	10510912
20240425	orders	8	25929136
20240425	orders	9	58670130
20240425	trades	8	18688483
20240425	trades	9	48811913
20240425	xinqing	8	2022247
20240425	xinqing	9	10523205
20240426	orders	8	30142108
20240426	orders	9	73461315
20240426	trades	8	22540198
20240426	trades	9	63560333
20240426	xinqing	8	2039216
20240426	xinqing	9	11067958
20240429	orders	8	34106672
20240429	orders	9	79557419
20240429	trades	8	26407727
20240429	trades	9	69649953
20240429	xinqing	8	2081428
20240429	xinqing	9	11366167
20240430	orders	8	33774271
20240430	orders	9	70439648
20240430	trades	8	25767854
20240430	trades	9	60183335
20240430	xinqing	8	2067443
20240430	xinqing	9	10876676
20240506	orders	8	32546946
20240506	orders	9	70248610
20240506	trades	8	24746907
20240506	trades	9	61546651
20240506	xinqing	8	2094468
20240506	xinqing	9	11166234
20240507	orders	8	28513261
20240507	orders	9	65567140
20240507	trades	8	20427953
20240507	trades	9	55896009
20240507	xinqing	8	2065665
20240507	xinqing	9	10866631
20240508	orders	8	26727122
20240508	orders	9	60320524
20240508	trades	8	18971822
20240508	trades	9	51560177
20240508	xinqing	8	2035465
20240508	xinqing	9	10653267
20240509	orders	8	25197564
20240509	orders	9	60925582
20240509	trades	8	17673811
20240509	trades	9	51232390
20240509	xinqing	8	2040016
20240509	xinqing	9	10685777
20240510	orders	8	27461238
20240510	orders	9	61984033
20240510	trades	8	20102881
20240510	trades	9	52695175
20240510	xinqing	8	2051149
20240510	xinqing	9	10716055
20240513	orders	8	29684515
20240513	orders	9	62673012
20240513	trades	8	22154392
20240513	trades	9	53230191
20240513	xinqing	8	2052673
20240513	xinqing	9	10643053
20240514	orders	8	26087738
20240514	orders	9	58995937
20240514	trades	8	18642518
20240514	trades	9	49743633
20240514	xinqing	8	2016276
20240514	xinqing	9	10422255
20240515	orders	8	25021257
20240515	orders	9	55335680
20240515	trades	8	18041517
20240515	trades	9	47112015
20240515	xinqing	8	2010291
20240515	xinqing	9	10160562
20240516	orders	8	25342666
20240516	orders	9	61021155
20240516	trades	8	18006669
20240516	trades	9	51889995
20240516	xinqing	8	2013937
20240516	xinqing	9	10469720
20240517	orders	8	25899481
20240517	orders	9	61481741
20240517	trades	8	18670912
20240517	trades	9	52847987
20240517	xinqing	8	2014871
20240517	xinqing	9	10479839
20240520	orders	8	29046260
20240520	orders	9	65776228
20240520	trades	8	21847031
20240520	trades	9	56623102
20240520	xinqing	8	2048532
20240520	xinqing	9	10733620
20240521	orders	8	26370546
20240521	orders	9	57460637
20240521	trades	8	19263786
20240521	trades	9	48961847
20240521	xinqing	8	2025325
20240521	xinqing	9	10299794
20240522	orders	8	23140853
20240522	orders	9	58949255
20240522	trades	8	16070507
20240522	trades	9	49996351
20240522	xinqing	8	1991799
20240522	xinqing	9	10270045
20240523	orders	8	26092350
20240523	orders	9	58864388
20240523	trades	8	19362745
20240523	trades	9	51105468
20240523	xinqing	8	2012105
20240523	xinqing	9	10516213
20240524	orders	8	23578734
20240524	orders	9	54316514
20240524	trades	8	16897247
20240524	trades	9	46349121
20240524	xinqing	8	1974497
20240524	xinqing	9	10028295
20240527	orders	8	24832678
20240527	orders	9	57411233
20240527	trades	8	18563096
20240527	trades	9	48487062
20240527	xinqing	8	1988127
20240527	xinqing	9	10210803
20240528	orders	8	24090711
20240528	orders	9	55262153
20240528	trades	8	17453055
20240528	trades	9	46845354
20240528	xinqing	8	1965738
20240528	xinqing	9	10011760
20240529	orders	8	23559820
20240529	orders	9	53508945
20240529	trades	8	16944605
20240529	trades	9	44444489
20240529	xinqing	8	1963781
20240529	xinqing	9	9902175
20240530	orders	8	23610133
20240530	orders	9	55079391
20240530	trades	8	16811288
20240530	trades	9	46023993
20240530	xinqing	8	1959222
20240530	xinqing	9	9934011
20240531	orders	8	22371454
20240531	orders	9	51566597
20240531	trades	8	15906487
20240531	trades	9	43198865
20240531	xinqing	8	1949377
20240531	xinqing	9	9881125
20240603	orders	8	24668801
20240603	orders	9	62666592
20240603	trades	8	18362777
20240603	trades	9	53477164
20240603	xinqing	8	1991206
20240603	xinqing	9	10691465
20240604	orders	8	23753373
20240604	orders	9	59059943
20240604	trades	8	17263086
20240604	trades	9	49715557
20240604	xinqing	8	1988062
20240604	xinqing	9	10284278
20240605	orders	8	22908403
20240605	orders	9	53211687
20240605	trades	8	16420504
20240605	trades	9	44864301
20240605	xinqing	8	1966366
20240605	xinqing	9	9989298
20240606	orders	8	23115536
20240606	orders	9	69437137
20240606	trades	8	17317196
20240606	trades	9	59748515
20240606	xinqing	8	1990893
20240606	xinqing	9	10961931
20240607	orders	8	24040620
20240607	orders	9	58856596
20240607	trades	8	18099585
20240607	trades	9	49484473
20240607	xinqing	8	2010445
20240607	xinqing	9	10204376
20240611	orders	8	24004583
20240611	orders	9	57559001
20240611	trades	8	17846179
20240611	trades	9	48428459
20240611	xinqing	8	1949908
20240611	xinqing	9	10029927
20240612	orders	8	21652788
20240612	orders	9	52776272
20240612	trades	8	15733224
20240612	trades	9	44334076
20240612	xinqing	8	1945205
20240612	xinqing	9	9830844
20240613	orders	8	22077755
20240613	orders	9	54363969
20240613	trades	8	15962011
20240613	trades	9	46073704
20240613	xinqing	8	1946447
20240613	xinqing	9	9647417
20240614	orders	8	21166554
20240614	orders	9	60048461
20240614	trades	8	15126549
20240614	trades	9	51095387
20240614	xinqing	8	1904112
20240614	xinqing	9	9947528
20240617	orders	8	19666003
20240617	orders	9	45745109
20240617	trades	8	19122942
20240617	trades	9	53651853
20240617	xinqing	8	1905652
20240617	xinqing	9	9639956
20240618	orders	8	21366609
20240618	orders	9	52444748
20240618	trades	8	15534687
20240618	trades	9	44163011
20240618	xinqing	8	1906537
20240618	xinqing	9	9721572
20240619	orders	8	20950835
20240619	orders	9	49797477
20240619	trades	8	14989619
20240619	trades	9	42432497
20240619	xinqing	8	1900039
20240619	xinqing	9	9470725
20240620	orders	8	20715966
20240620	orders	9	52396942
20240620	trades	8	15092539
20240620	trades	9	44944316
20240620	xinqing	8	1903564
20240620	xinqing	9	9808620
20240621	orders	8	20650682
20240621	orders	9	47562924
20240621	trades	8	14926246
20240621	trades	9	39848831
20240621	xinqing	8	1891380
20240621	xinqing	9	9337011
20240624	orders	8	21712973
20240624	orders	9	55818619
20240624	trades	8	16259984
20240624	trades	9	48232983
20240624	xinqing	8	1930515
20240624	xinqing	9	10029100
20240625	orders	8	20826900
20240625	orders	9	53193429
20240625	trades	8	15256036
20240625	trades	9	44867491
20240625	xinqing	8	1902618
20240625	xinqing	9	9687730
20240626	orders	8	19558331
20240626	orders	9	52155867
20240626	trades	8	13914533
20240626	trades	9	43919738
20240626	xinqing	8	1864148
20240626	xinqing	9	9849098
20240627	orders	8	19529026
20240627	orders	9	50463011
20240627	trades	8	13869227
20240627	trades	9	43159715
20240627	xinqing	8	1900808
20240627	xinqing	9	9514135
20240628	orders	8	20071939
20240628	orders	9	53973287
20240628	trades	8	14393943
20240628	trades	9	45229734
20240628	xinqing	8	1892368
20240628	xinqing	9	9736398
20240701	orders	8	20474115
20240701	orders	9	52986670
20240701	trades	8	15276445
20240701	trades	9	45417461
20240701	xinqing	8	1876441
20240701	xinqing	9	9862429
20240702	orders	8	21395977
20240702	orders	9	51025143
20240702	trades	8	15377959
20240702	trades	9	43034991
20240702	xinqing	8	1908890
20240702	xinqing	9	9578430
20240703	orders	8	19626931
20240703	orders	9	45750833
20240703	trades	8	13831093
20240703	trades	9	37920042
20240703	xinqing	8	1881826
20240703	xinqing	9	9245675
20240704	orders	8	19136662
20240704	orders	9	48422102
20240704	trades	8	13518634
20240704	trades	9	41245747
20240704	xinqing	8	1877617
20240704	xinqing	9	9663928
20240705	orders	8	19131056
20240705	orders	9	48726209
20240705	trades	8	13631258
20240705	trades	9	40107289
20240705	xinqing	8	1866924
20240705	xinqing	9	9461139
20240708	orders	8	19703354
20240708	orders	9	48100045
20240708	trades	8	14414571
20240708	trades	9	40822170
20240708	xinqing	8	1891008
20240708	xinqing	9	9366269
20240709	orders	8	19937153
20240709	orders	9	58305448
20240709	trades	8	14463269
20240709	trades	9	49407660
20240709	xinqing	8	1867412
20240709	xinqing	9	10234396
20240710	orders	8	23431274
20240710	orders	9	49952961
20240710	trades	8	17456073
20240710	trades	9	41883954
20240710	xinqing	8	1917253
20240710	xinqing	9	9435929
20240711	orders	8	23304115
20240711	orders	9	57813739
20240711	trades	8	17107379
20240711	trades	9	48332190
20240711	xinqing	8	1946523
20240711	xinqing	9	10050177
20240712	orders	8	22618748
20240712	orders	9	49247169
20240712	trades	8	16538827
20240712	trades	9	41407662
20240712	xinqing	8	1933956
20240712	xinqing	9	9483664
20240715	orders	8	22340134
20240715	orders	9	46205111
20240715	trades	8	16497281
20240715	trades	9	39121855
20240715	xinqing	8	1919529
20240715	xinqing	9	9207328
20240716	orders	8	19050583
20240716	orders	9	48028811
20240716	trades	8	13464845
20240716	trades	9	40405385
20240716	xinqing	8	1840214
20240716	xinqing	9	9185538
20240717	orders	8	19915277
20240717	orders	9	48954842
20240717	trades	8	14437267
20240717	trades	9	42364875
20240717	xinqing	8	1858962
20240717	xinqing	9	9350768
20240718	orders	8	21375088
20240718	orders	9	48893681
20240718	trades	8	15965137
20240718	trades	9	41322371
20240718	xinqing	8	1916009
20240718	xinqing	9	9481544
20240719	orders	8	19018417
20240719	orders	9	48853924
20240719	trades	8	13568014
20240719	trades	9	41806167
20240719	xinqing	8	1835581
20240719	xinqing	9	9379078
20240722	orders	8	20704920
20240722	orders	9	47255311
20240722	trades	8	15343068
20240722	trades	9	39804068
20240722	xinqing	8	1859217
20240722	xinqing	9	9228688
20240723	orders	8	19142336
20240723	orders	9	48366834
20240723	trades	8	13684716
20240723	trades	9	41736491
20240723	xinqing	8	1861766
20240723	xinqing	9	9243381
20240724	orders	8	20803025
20240724	orders	9	49180311
20240724	trades	8	15299034
20240724	trades	9	41807761
20240724	xinqing	8	1892295
20240724	xinqing	9	9318297
20240725	orders	8	19949139
20240725	orders	9	48433636
20240725	trades	8	14587307
20240725	trades	9	40197859
20240725	xinqing	8	1831042
20240725	xinqing	9	9252603
20240726	orders	8	19833114
20240726	orders	9	47122527
20240726	trades	8	14481512
20240726	trades	9	39237522
20240726	xinqing	8	1873419
20240726	xinqing	9	9138581
20240729	orders	8	20553780
20240729	orders	9	45306076
20240729	trades	8	14943375
20240729	trades	9	37894213
20240729	xinqing	8	1863758
20240729	xinqing	9	9125677
20240730	orders	8	19902949
20240730	orders	9	46723367
20240730	trades	8	14439096
20240730	trades	9	39251380
20240730	xinqing	8	1839482
20240730	xinqing	9	9206344
20240731	orders	8	23173068
20240731	orders	9	64218826
20240731	trades	8	17086070
20240731	trades	9	56452860
20240731	xinqing	8	1938946
20240731	xinqing	9	10477913
20240801	orders	8	26607227
20240801	orders	9	53790406
20240801	trades	8	19908910
20240801	trades	9	46048122
20240801	xinqing	8	1979054
20240801	xinqing	9	9933116
20240802	orders	8	23113831
20240802	orders	9	50765279
20240802	trades	8	16861947
20240802	trades	9	43558189
20240802	xinqing	8	1924499
20240802	xinqing	9	9701959
20240805	orders	8	24632529
20240805	orders	9	59682518
20240805	trades	8	18417217
20240805	trades	9	51634475
20240805	xinqing	8	1935849
20240805	xinqing	9	10137445
20240806	orders	8	23880077
20240806	orders	9	49998884
20240806	trades	8	17518623
20240806	trades	9	42062040
20240806	xinqing	8	1920493
20240806	xinqing	9	9577247
20240807	orders	8	21641968
20240807	orders	9	46417395
20240807	trades	8	15472243
20240807	trades	9	38609657
20240807	xinqing	8	1895512
20240807	xinqing	9	9364845
20240808	orders	8	20212627
20240808	orders	9	49937984
20240808	trades	8	15344476
20240808	trades	9	41929409
20240808	xinqing	8	1870946
20240808	xinqing	9	9586666
20240809	orders	8	20673505
20240809	orders	9	44512412
20240809	trades	8	14639029
20240809	trades	9	37906777
20240809	xinqing	8	1866170
20240809	xinqing	9	9285058
20240812	orders	8	19982629
20240812	orders	9	41587517
20240812	trades	8	14661534
20240812	trades	9	35098620
20240812	xinqing	8	1873974
20240812	xinqing	9	9066817
20240813	orders	8	18650305
20240813	orders	9	41107424
20240813	trades	8	13223327
20240813	trades	9	34391561
20240813	xinqing	8	1845812
20240813	xinqing	9	8928604
20240814	orders	8	18660392
20240814	orders	9	40258180
20240814	trades	8	13212837
20240814	trades	9	33864394
20240814	xinqing	8	1852763
20240814	xinqing	9	8904394
20240815	orders	8	19656812
20240815	orders	9	48122238
20240815	trades	8	14202530
20240815	trades	9	41105002
20240815	xinqing	8	1869371
20240815	xinqing	9	9523060
20240816	orders	8	19937574
20240816	orders	9	45012341
20240816	trades	8	14196258
20240816	trades	9	38918757
20240816	xinqing	8	1879316
20240816	xinqing	9	9352270
20240819	orders	8	20939060
20240819	orders	9	42661983
20240819	trades	8	15381029
20240819	trades	9	36441076
20240819	xinqing	8	1884155
20240819	xinqing	9	9071709
20240820	orders	8	19328931
20240820	orders	9	45586297
20240820	trades	8	14052926
20240820	trades	9	39548323
20240820	xinqing	8	1857468
20240820	xinqing	9	9426858
20240821	orders	8	18073544
20240821	orders	9	41791641
20240821	trades	8	12887040
20240821	trades	9	35564789
20240821	xinqing	8	1817802
20240821	xinqing	9	8848669
20240822	orders	8	18114281
20240822	orders	9	44474847
20240822	trades	8	12928505
20240822	trades	9	38218644
20240822	xinqing	8	1818091
20240822	xinqing	9	9075992
20240823	orders	8	19617954
20240823	orders	9	42313621
20240823	trades	8	14197420
20240823	trades	9	35663692
20240823	xinqing	8	1846807
20240823	xinqing	9	9063347
20240826	orders	8	21405118
20240826	orders	9	42063367
20240826	trades	8	15804992
20240826	trades	9	35766060
20240826	xinqing	8	1897937
20240826	xinqing	9	9049195
20240827	orders	8	19201815
20240827	orders	9	43158818
20240827	trades	8	13994209
20240827	trades	9	37032238
20240827	xinqing	8	1842586
20240827	xinqing	9	8996928
20240828	orders	8	19019293
20240828	orders	9	44023636
20240828	trades	8	13777375
20240828	trades	9	37190981
20240828	xinqing	8	1835807
20240828	xinqing	9	9205966
20240829	orders	8	19226505
20240829	orders	9	49607416
20240829	trades	8	14018444
20240829	trades	9	42873248
20240829	xinqing	8	1853589
20240829	xinqing	9	9659856
20240830	orders	8	23496527
20240830	orders	9	62469681
20240830	trades	8	17600806
20240830	trades	9	54879087
20240830	xinqing	8	1936343
20240830	xinqing	9	10511724
20240902	orders	8	24977507
20240902	orders	9	53249712
20240902	trades	8	18966484
20240902	trades	9	47696730
20240902	xinqing	8	1949138
20240902	xinqing	9	9831572
20240903	orders	8	21118113
20240903	orders	9	48794791
20240903	trades	8	15322831
20240903	trades	9	41563301
20240903	xinqing	8	1893403
20240903	xinqing	9	9426170
20240904	orders	8	21167687
20240904	orders	9	44584169
20240904	trades	8	15207768
20240904	trades	9	37881599
20240904	xinqing	8	1868411
20240904	xinqing	9	9182829
20240905	orders	8	19048117
20240905	orders	9	43636660
20240905	trades	8	13370145
20240905	trades	9	37099861
20240905	xinqing	8	1831353
20240905	xinqing	9	9230294
20240906	orders	8	19735749
20240906	orders	9	42742944
20240906	trades	8	14446849
20240906	trades	9	37022298
20240906	xinqing	8	1874085
20240906	xinqing	9	9268513
20240909	orders	8	21345953
20240909	orders	9	43242585
20240909	trades	8	15678652
20240909	trades	9	36342032
20240909	xinqing	8	1861769
20240909	xinqing	9	9153655
20240910	orders	8	19582560
20240910	orders	9	46390560
20240910	trades	8	14060231
20240910	trades	9	38835231
20240910	xinqing	8	1846103
20240910	xinqing	9	9449253
20240911	orders	8	18750931
20240911	orders	9	42914385
20240911	trades	8	13237056
20240911	trades	9	36684013
20240911	xinqing	8	1821100
20240911	xinqing	9	8941095
20240912	orders	8	20019526
20240912	orders	9	41255076
20240912	trades	8	14406031
20240912	trades	9	34913862
20240912	xinqing	8	1851954
20240912	xinqing	9	8835722
20240913	orders	8	19489541
20240913	orders	9	42453926
20240913	trades	8	14066510
20240913	trades	9	36556648
20240913	xinqing	8	1834875
20240913	xinqing	9	8986015
20240918	orders	8	18674556
20240918	orders	9	42553089
20240918	trades	8	14201706
20240918	trades	9	36710949
20240918	xinqing	8	1824258
20240918	xinqing	9	9219488
20240919	orders	8	20485141
20240919	orders	9	54578327
20240919	trades	8	14863805
20240919	trades	9	46954100
20240919	xinqing	8	1875578
20240919	xinqing	9	9850671
20240920	orders	8	20386167
20240920	orders	9	47921287
20240920	trades	8	14725270
20240920	trades	9	41242117
20240920	xinqing	8	1870216
20240920	xinqing	9	9396871
20240923	orders	8	22096376
20240923	orders	9	42869275
20240923	trades	8	16399767
20240923	trades	9	36519220
20240923	xinqing	8	1875195
20240923	xinqing	9	9006016
20240924	orders	8	22695529
20240924	orders	9	70471519
20240924	trades	8	16814914
20240924	trades	9	63463777
20240924	xinqing	8	1892660
20240924	xinqing	9	10727885
20240925	orders	8	34242098
20240925	orders	9	71117396
20240925	trades	8	27278897
20240925	trades	9	63369035
20240925	xinqing	8	2067464
20240925	xinqing	9	10859068
20240926	orders	8	25621569
20240926	orders	9	75699877
20240926	trades	8	18754795
20240926	trades	9	69254215
20240926	xinqing	8	1981108
20240926	xinqing	9	10903530
20240927	orders	8	38857837
20240927	orders	9	65813028
20240927	trades	8	31840502
20240927	trades	9	57563791
20240927	xinqing	8	2081484
20240927	xinqing	9	9010215
20240930	orders	8	52845139
20240930	orders	9	106221182
20240930	trades	8	45457745
20240930	trades	9	100950077
20240930	xinqing	8	2226947
20240930	xinqing	9	12371625
20241008	orders	8	52096386
20241008	orders	9	119483773
20241008	trades	8	40480955
20241008	trades	9	110615008
20241008	xinqing	8	2299110
20241008	xinqing	9	12382117
20241009	orders	8	56533342
20241009	orders	9	107364385
20241009	trades	8	43357438
20241009	trades	9	100516708
20241009	xinqing	8	2227411
20241009	xinqing	9	11979561
20241010	orders	8	47104042
20241010	orders	9	96512782
20241010	trades	8	35157313
20241010	trades	9	85742956
20241010	xinqing	8	2146209
20241010	xinqing	9	11649027
20241011	orders	8	36231553
20241011	orders	9	83524534
20241011	trades	8	27517384
20241011	trades	9	73436489
20241011	xinqing	8	2085302
20241011	xinqing	9	11134276
20241014	orders	8	35194734
20241014	orders	9	84200996
20241014	trades	8	27367519
20241014	trades	9	72972652
20241014	xinqing	8	2068266
20241014	xinqing	9	11160106
20241015	orders	8	34766410
20241015	orders	9	78265343
20241015	trades	8	26314087
20241015	trades	9	69968590
20241015	xinqing	8	2045420
20241015	xinqing	9	10876904
20241016	orders	8	33607095
20241016	orders	9	72066798
20241016	trades	8	24604522
20241016	trades	9	60928996
20241016	xinqing	8	2049895
20241016	xinqing	9	10659626
20241017	orders	8	31912958
20241017	orders	9	75034753
20241017	trades	8	23172151
20241017	trades	9	65399919
20241017	xinqing	8	2019678
20241017	xinqing	9	10718298
20241018	orders	8	31750900
20241018	orders	9	99615016
20241018	trades	8	23271237
20241018	trades	9	87871642
20241018	xinqing	8	2003734
20241018	xinqing	9	11453201
20241021	orders	8	39523031
20241021	orders	9	85896507
20241021	trades	8	30399465
20241021	trades	9	74906244
20241021	xinqing	8	2101019
20241021	xinqing	9	11259235
20241022	orders	8	38223447
20241022	orders	9	84067417
20241022	trades	8	28589751
20241022	trades	9	72233908
20241022	xinqing	8	2064672
20241022	xinqing	9	11128709
20241023	orders	8	37850063
20241023	orders	9	86875139
20241023	trades	8	27831816
20241023	trades	9	75039954
20241023	xinqing	8	2078440
20241023	xinqing	9	11233666
20241024	orders	8	37005731
20241024	orders	9	71408975
20241024	trades	8	27337762
20241024	trades	9	60801149
20241024	xinqing	8	2053551
20241024	xinqing	9	10583541
20241025	orders	8	35183634
20241025	orders	9	83014934
20241025	trades	8	25841527
20241025	trades	9	71145955
20241025	xinqing	8	2067023
20241025	xinqing	9	11275527
20241028	orders	8	42434519
20241028	orders	9	85427440
20241028	trades	8	32682961
20241028	trades	9	73406788
20241028	xinqing	8	2129278
20241028	xinqing	9	11441626
20241029	orders	8	47460584
20241029	orders	9	92476064
20241029	trades	8	36842964
20241029	trades	9	81304991
20241029	xinqing	8	2159509
20241029	xinqing	9	11532622
20241030	orders	8	44537671
20241030	orders	9	90110945
20241030	trades	8	33571509
20241030	trades	9	77488555
20241030	xinqing	8	2102290
20241030	xinqing	9	11380080
20241031	orders	8	46585903
20241031	orders	9	102658477
20241031	trades	8	35537106
20241031	trades	9	89079257
20241031	xinqing	8	2103480
20241031	xinqing	9	11525296
20241101	orders	8	57846256
20241101	orders	9	103732581
20241101	trades	8	45581629
20241101	trades	9	90969629
20241101	xinqing	8	2136278
20241101	xinqing	9	11518447
20241104	orders	8	46191771
20241104	orders	9	87028553
20241104	trades	8	34419869
20241104	trades	9	74341850
20241104	xinqing	8	2093608
20241104	xinqing	9	11003332
20241105	orders	8	45138084
20241105	orders	9	107052082
20241105	trades	8	33719417
20241105	trades	9	94534715
20241105	xinqing	8	2094526
20241105	xinqing	9	11655374
20241106	orders	8	51322879
20241106	orders	9	110745630
20241106	trades	8	39127512
20241106	trades	9	97601332
20241106	xinqing	8	2141659
20241106	xinqing	9	11558057
20241107	orders	8	52451261
20241107	orders	9	110966120
20241107	trades	8	40464029
20241107	trades	9	97242788
20241107	xinqing	8	2130373
20241107	xinqing	9	11707741
20241108	orders	8	57423257
20241108	orders	9	111643230
20241108	trades	8	43669106
20241108	trades	9	98384650
20241108	xinqing	8	2182971
20241108	xinqing	9	11742333
20241111	orders	8	48750011
20241111	orders	9	103440995
20241111	trades	8	37427880
20241111	trades	9	90563474
20241111	xinqing	8	2129797
20241111	xinqing	9	11574318
20241112	orders	8	52092639
20241112	orders	9	108489774
20241112	trades	8	39101121
20241112	trades	9	97047474
20241112	xinqing	8	2148470
20241112	xinqing	9	11764992
20241113	orders	8	44038281
20241113	orders	9	95907369
20241113	trades	8	32589164
20241113	trades	9	82247563
20241113	xinqing	8	2112409
20241113	xinqing	9	11351663
20241114	orders	8	40151284
20241114	orders	9	89720365
20241114	trades	8	29126529
20241114	trades	9	79633736
20241114	xinqing	8	2090955
20241114	xinqing	9	11244969
20241115	orders	8	38513646
20241115	orders	9	92141500
20241115	trades	8	28669126
20241115	trades	9	80711498
20241115	xinqing	8	2083499
20241115	xinqing	9	11249773
20241118	orders	8	45993808
20241118	orders	9	89163834
20241118	trades	8	36235208
20241118	trades	9	76778948
20241118	xinqing	8	2112859
20241118	xinqing	9	11138044
20241119	orders	8	37173712
20241119	orders	9	87064275
20241119	trades	8	27888005
20241119	trades	9	75082265
20241119	xinqing	8	2051493
20241119	xinqing	9	11023633
20241120	orders	8	36477455
20241120	orders	9	86799075
20241120	trades	8	26611420
20241120	trades	9	73688234
20241120	xinqing	8	2068689
20241120	xinqing	9	11257376
20241121	orders	8	38649941
20241121	orders	9	85237859
20241121	trades	8	28450548
20241121	trades	9	72907168
20241121	xinqing	8	2090504
20241121	xinqing	9	11073708
20241122	orders	8	36456852
20241122	orders	9	98821281
20241122	trades	8	26359126
20241122	trades	9	88470145
20241122	xinqing	8	2063181
20241122	xinqing	9	11463421
20241125	orders	8	40924701
20241125	orders	9	84227411
20241125	trades	8	31420844
20241125	trades	9	71715387
20241125	xinqing	8	2086313
20241125	xinqing	9	11077800
20241126	orders	8	36696720
20241126	orders	9	75721529
20241126	trades	8	27022355
20241126	trades	9	64279316
20241126	xinqing	8	2064535
20241126	xinqing	9	10835784
20241127	orders	8	37588231
20241127	orders	9	85526901
20241127	trades	8	28230092
20241127	trades	9	73353292
20241127	xinqing	8	2076318
20241127	xinqing	9	11159600
20241128	orders	8	39247181
20241128	orders	9	81899832
20241128	trades	8	29174530
20241128	trades	9	70722059
20241128	xinqing	8	2091842
20241128	xinqing	9	11160147
20241129	orders	8	35869472
20241129	orders	9	95166443
20241129	trades	8	26105185
20241129	trades	9	82141770
20241129	xinqing	8	2066351
20241129	xinqing	9	11505854
20241202	orders	8	41128125
20241202	orders	9	91404152
20241202	trades	8	30796039
20241202	trades	9	79497202
20241202	xinqing	8	2123479
20241202	xinqing	9	11633388
20241203	orders	8	42029580
20241203	orders	9	91120479
20241203	trades	8	31327335
20241203	trades	9	78964713
20241203	xinqing	8	2120285
20241203	xinqing	9	11374445
20241204	orders	8	40633538
20241204	orders	9	89221854
20241204	trades	8	29924646
20241204	trades	9	78227628
20241204	xinqing	8	2091031
20241204	xinqing	9	11320232
20241205	orders	8	36808523
20241205	orders	9	81170090
20241205	trades	8	26861986
20241205	trades	9	68978907
20241205	xinqing	8	2061771
20241205	xinqing	9	11129747
20241206	orders	8	40399800
20241206	orders	9	93383211
20241206	trades	8	30184721
20241206	trades	9	80942010
20241206	xinqing	8	2077603
20241206	xinqing	9	11518331
20241209	orders	8	42501929
20241209	orders	9	84412378
20241209	trades	8	32396472
20241209	trades	9	73370889
20241209	xinqing	8	2109945
20241209	xinqing	9	11343038
20241210	orders	8	54012614
20241210	orders	9	92936297
20241210	trades	8	41506712
20241210	trades	9	82168875
20241210	xinqing	8	2218263
20241210	xinqing	9	11522166
20241211	orders	8	42352251
20241211	orders	9	90036808
20241211	trades	8	31661116
20241211	trades	9	78339985
20241211	xinqing	8	2120705
20241211	xinqing	9	11399324
20241212	orders	8	42354899
20241212	orders	9	96456201
20241212	trades	8	31466578
20241212	trades	9	84205803
20241212	xinqing	8	2122570
20241212	xinqing	9	11662984
20241213	orders	8	45038682
20241213	orders	9	102088278
20241213	trades	8	34902929
20241213	trades	9	91889646
20241213	xinqing	8	2144679
20241213	xinqing	9	11697569
20241216	orders	8	40712440
20241216	orders	9	90531069
20241216	trades	8	30989434
20241216	trades	9	80303026
20241216	xinqing	8	2111163
20241216	xinqing	9	11418445
20241217	orders	8	41758924
20241217	orders	9	84437692
20241217	trades	8	32426309
20241217	trades	9	74856122
20241217	xinqing	8	2116762
20241217	xinqing	9	11542400
20241218	orders	8	36103977
20241218	orders	9	76520507
20241218	trades	8	26839103
20241218	trades	9	65875811
20241218	xinqing	8	2089266
20241218	xinqing	9	11011637
20241219	orders	8	36999428
20241219	orders	9	78238970
20241219	trades	8	27668997
20241219	trades	9	67819901
20241219	xinqing	8	2072914
20241219	xinqing	9	10973915
20241220	orders	8	33307835
20241220	orders	9	77893322
20241220	trades	8	24200766
20241220	trades	9	67702654
20241220	xinqing	8	2053216
20241220	xinqing	9	11067576
20241223	orders	8	37782467
20241223	orders	9	81839678
20241223	trades	8	28942451
20241223	trades	9	73103920
20241223	xinqing	8	2100176
20241223	xinqing	9	11319331
20241224	orders	8	34211701
20241224	orders	9	73493467
20241224	trades	8	25514950
20241224	trades	9	63626643
20241224	xinqing	8	2063797
20241224	xinqing	9	10884403
20241225	orders	8	35046399
20241225	orders	9	71401381
20241225	trades	8	27572549
20241225	trades	9	62191742
20241225	xinqing	8	2074934
20241225	xinqing	9	10765351
20241226	orders	8	30227178
20241226	orders	9	67990652
20241226	trades	8	22354457
20241226	trades	9	58661757
20241226	xinqing	8	2025495
20241226	xinqing	9	10608815
20241227	orders	8	33621954
20241227	orders	9	77501092
20241227	trades	8	24712237
20241227	trades	9	66090225
20241227	xinqing	8	2052766
20241227	xinqing	9	10887682
20241230	orders	8	36653313
20241230	orders	9	68164522
20241230	trades	8	27700012
20241230	trades	9	59188040
20241230	xinqing	8	2066710
20241230	xinqing	9	10569976
20241231	orders	8	31952087
20241231	orders	9	76505050
20241231	trades	8	24089646
20241231	trades	9	68310058
20241231	xinqing	8	2030307
20241231	xinqing	9	10933214
20250102	orders	8	31199802
20250102	orders	9	84956339
20250102	trades	8	23572612
20250102	trades	9	76550176
20250102	xinqing	8	2031343
20250102	xinqing	9	11267092
20250103	orders	8	36803392
20250103	orders	9	78312651
20250103	trades	8	28734383
20250103	trades	9	68589959
20250103	xinqing	8	2061070
20250103	xinqing	9	11016918
20250106	orders	8	34696468
20250106	orders	9	69798680
20250106	trades	8	26635541
20250106	trades	9	59822233
20250106	xinqing	8	2037022
20250106	xinqing	9	10690848
20250107	orders	8	29195201
20250107	orders	9	68256860
20250107	trades	8	21712722
20250107	trades	9	59144597
20250107	xinqing	8	1992337
20250107	xinqing	9	10509732
20250108	orders	8	30289087
20250108	orders	9	79779559
20250108	trades	8	22922660
20250108	trades	9	69495001
20250108	xinqing	8	2007681
20250108	xinqing	9	10987480
20250109	orders	8	30304517
20250109	orders	9	67723555
20250109	trades	8	22579433
20250109	trades	9	58771186
20250109	xinqing	8	1993552
20250109	xinqing	9	10295937
20250110	orders	8	30712886
20250110	orders	9	69023787
20250110	trades	8	23124857
20250110	trades	9	60935600
20250110	xinqing	8	1986482
20250110	xinqing	9	10368492
20250113	orders	8	32204278
20250113	orders	9	60824277
20250113	trades	8	24794004
20250113	trades	9	51946207
20250113	xinqing	8	2005438
20250113	xinqing	9	10060497
20250114	orders	8	29187081
20250114	orders	9	78601296
20250114	trades	8	21915906
20250114	trades	9	69748237
20250114	xinqing	8	2012162
20250114	xinqing	9	11093346
20250115	orders	8	35091196
20250115	orders	9	65317313
20250115	trades	8	27046306
20250115	trades	9	57052466
20250115	xinqing	8	2054663
20250115	xinqing	9	10338239
20250116	orders	8	35536958
20250116	orders	9	68889950
20250116	trades	8	27563462
20250116	trades	9	59569374
20250116	xinqing	8	2053848
20250116	xinqing	9	10545264
20250117	orders	8	29826079
20250117	orders	9	67045192
20250117	trades	8	21916382
20250117	trades	9	57243566
20250117	xinqing	8	1979511
20250117	xinqing	9	10316922
20250120	orders	8	33236664
20250120	orders	9	64815058
20250120	trades	8	25032740
20250120	trades	9	56678302
20250120	xinqing	8	2047436
20250120	xinqing	9	10432093
20250121	orders	8	31467444
20250121	orders	9	64795656
20250121	trades	8	23707914
20250121	trades	9	56279389
20250121	xinqing	8	2035602
20250121	xinqing	9	10274148
20250122	orders	8	28814725
20250122	orders	9	62549635
20250122	trades	8	21381432
20250122	trades	9	54729331
20250122	xinqing	8	1990311
20250122	xinqing	9	10135816
20250123	orders	8	35788068
20250123	orders	9	66480389
20250123	trades	8	27868063
20250123	trades	9	58430176
20250123	xinqing	8	2064742
20250123	xinqing	9	10317516
20250124	orders	8	28402889
20250124	orders	9	66323292
20250124	trades	8	21034948
20250124	trades	9	57806929
20250124	xinqing	8	2001494
20250124	xinqing	9	10538518
20250127	orders	8	29841175
20250127	orders	9	58267927
20250127	trades	8	22715359
20250127	trades	9	51473312
20250127	xinqing	8	2022487
20250127	xinqing	9	10151257
20250205	orders	8	31760142
20250205	orders	9	63824234
20250205	trades	8	24522627
20250205	trades	9	56660514
20250205	xinqing	8	2028983
20250205	xinqing	9	10464893
20250206	orders	8	29415528
20250206	orders	9	75499089
20250206	trades	8	22062333
20250206	trades	9	67247908
20250206	xinqing	8	1975136
20250206	xinqing	9	10784320
20250207	orders	8	33594615
20250207	orders	9	92539196
20250207	trades	8	25509036
20250207	trades	9	83690494
20250207	xinqing	8	2047529
20250207	xinqing	9	11356499
20250210	orders	8	37313674
20250210	orders	9	79980838
20250210	trades	8	28688186
20250210	trades	9	71056897
20250210	xinqing	8	2052178
20250210	xinqing	9	10955977
20250211	orders	8	37584958
20250211	orders	9	77447106
20250211	trades	8	29268319
20250211	trades	9	68071000
20250211	xinqing	8	2067238
20250211	xinqing	9	10661692
20250212	orders	8	32986711
20250212	orders	9	79214272
20250212	trades	8	24415095
20250212	trades	9	69598739
20250212	xinqing	8	2006300
20250212	xinqing	9	10719859
20250213	orders	8	38136373
20250213	orders	9	84427504
20250213	trades	8	29117371
20250213	trades	9	74508719
20250213	xinqing	8	2042933
20250213	xinqing	9	10774230
20250214	orders	8	35819686
20250214	orders	9	78614013
20250214	trades	8	26864330
20250214	trades	9	69233609
20250214	xinqing	8	2024852
20250214	xinqing	9	10599736
20250217	orders	8	39296603
20250217	orders	9	84104596
20250217	trades	8	30323065
20250217	trades	9	74551500
20250217	xinqing	8	2045510
20250217	xinqing	9	10969908
20250218	orders	8	35818034
20250218	orders	9	84901226
20250218	trades	8	26674855
20250218	trades	9	77031006
20250218	xinqing	8	2036645
20250218	xinqing	9	10961895
20250219	orders	8	34276044
20250219	orders	9	79337577
20250219	trades	8	25622010
20250219	trades	9	69318436
20250219	xinqing	8	2025570
20250219	xinqing	9	10711405
20250220	orders	8	37935810
20250220	orders	9	79808579
20250220	trades	8	28506586
20250220	trades	9	69387966
20250220	xinqing	8	2058832
20250220	xinqing	9	10864350
20250221	orders	8	38825133
20250221	orders	9	90659317
20250221	trades	8	29677166
20250221	trades	9	79318337
20250221	xinqing	8	2070750
20250221	xinqing	9	11092827
20250224	orders	8	44186955
20250224	orders	9	85892491
20250224	trades	8	34325730
20250224	trades	9	75139532
20250224	xinqing	8	2093081
20250224	xinqing	9	11049028
20250225	orders	8	38940991
20250225	orders	9	85686515
20250225	trades	8	28900330
20250225	trades	9	75920274
20250225	xinqing	8	2055352
20250225	xinqing	9	10910157
20250226	orders	8	38613760
20250226	orders	9	86639361
20250226	trades	8	28176190
20250226	trades	9	75074280
20250226	xinqing	8	2060034
20250226	xinqing	9	10956925
20250227	orders	8	40331325
20250227	orders	9	91211522
20250227	trades	8	30035596
20250227	trades	9	80154489
20250227	xinqing	8	2076851
20250227	xinqing	9	11240142
20250228	orders	8	38989317
20250228	orders	9	84789447
20250228	trades	8	29457348
20250228	trades	9	76084829
20250228	xinqing	8	2071295
20250228	xinqing	9	11039207
20250303	orders	8	38040401
20250303	orders	9	78624967
20250303	trades	8	28759088
20250303	trades	9	68774714
20250303	xinqing	8	2074887
20250303	xinqing	9	11023091
20250304	orders	8	32877329
20250304	orders	9	72894734
20250304	trades	8	23782216
20250304	trades	9	62160266
20250304	xinqing	8	2029846
20250304	xinqing	9	10599925
20250305	orders	8	34286046
20250305	orders	9	76396629
20250305	trades	8	24959556
20250305	trades	9	65329254
20250305	xinqing	8	2068185
20250305	xinqing	9	10663041
20250306	orders	8	35504297
20250306	orders	9	85547588
20250306	trades	8	25577081
20250306	trades	9	74538686
20250306	xinqing	8	2063961
20250306	xinqing	9	11075772
20250307	orders	8	37843913
20250307	orders	9	85483709
20250307	trades	8	28161908
20250307	trades	9	74317916
20250307	xinqing	8	2056659
20250307	xinqing	9	10909517
20250310	orders	8	36858334
20250310	orders	9	74387314
20250310	trades	8	27085850
20250310	trades	9	64691980
20250310	xinqing	8	2075685
20250310	xinqing	9	10884512
20250311	orders	8	33589329
20250311	orders	9	76973653
20250311	trades	8	23785735
20250311	trades	9	66035878
20250311	xinqing	8	2054472
20250311	xinqing	9	10793153
20250312	orders	8	36265820
20250312	orders	9	81470074
20250312	trades	8	26023033
20250312	trades	9	70236293
20250312	xinqing	8	2081439
20250312	xinqing	9	11011037
20250313	orders	8	36866574
20250313	orders	9	81961952
20250313	trades	8	27429785
20250313	trades	9	71169468
20250313	xinqing	8	2079812
20250313	xinqing	9	11051343
20250314	orders	8	35405949
20250314	orders	9	87786189
20250314	trades	8	25703742
20250314	trades	9	75745743
20250314	xinqing	8	2066839
20250314	xinqing	9	11490608
20250317	orders	8	38176531
20250317	orders	9	74795610
20250317	trades	8	28024622
20250317	trades	9	64148968
20250317	xinqing	8	2111993
20250317	xinqing	9	11085439
20250318	orders	8	33901080
20250318	orders	9	73743539
20250318	trades	8	23732305
20250318	trades	9	63213539
20250318	xinqing	8	2085360
20250318	xinqing	9	10883086
20250319	orders	8	33774793
20250319	orders	9	73436242
20250319	trades	8	24154188
20250319	trades	9	62472393
20250319	xinqing	8	2067099
20250319	xinqing	9	10853749
20250320	orders	8	32617446
20250320	orders	9	75792451
20250320	trades	8	23031330
20250320	trades	9	64516976
20250320	xinqing	8	2054677
20250320	xinqing	9	10937040
20250321	orders	8	35479713
20250321	orders	9	80749832
20250321	trades	8	25841889
20250321	trades	9	70447909
20250321	xinqing	8	2071470
20250321	xinqing	9	11291427
20250324	orders	8	33428922
20250324	orders	9	83616646
20250324	trades	8	24819533
20250324	trades	9	73584732
20250324	xinqing	8	2065017
20250324	xinqing	9	11529253
20250325	orders	8	32750389
20250325	orders	9	69841915
20250325	trades	8	23946462
20250325	trades	9	60030125
20250325	xinqing	8	2058268
20250325	xinqing	9	10886930
20250326	orders	8	31807718
20250326	orders	9	65858398
20250326	trades	8	22925948
20250326	trades	9	55529194
20250326	xinqing	8	2071707
20250326	xinqing	9	10844094
20250327	orders	8	33521457
20250327	orders	9	65432947
20250327	trades	8	24558452
20250327	trades	9	55341262
20250327	xinqing	8	2085918
20250327	xinqing	9	10634522
20250328	orders	8	30122523
20250328	orders	9	67337772
20250328	trades	8	21409409
20250328	trades	9	57325410
20250328	xinqing	8	2038203
20250328	xinqing	9	10759118
20250331	orders	8	31824167
20250331	orders	9	74037323
20250331	trades	8	23786524
20250331	trades	9	64022664
20250331	xinqing	8	2051855
20250331	xinqing	9	11006898
20250401	orders	8	29388195
20250401	orders	9	66820338
20250401	trades	8	21234476
20250401	trades	9	56847707
20250401	xinqing	8	2046106
20250401	xinqing	9	10787857
20250402	orders	8	27554269
20250402	orders	9	58899164
20250402	trades	8	19107857
20250402	trades	9	49773227
20250402	xinqing	8	2017970
20250402	xinqing	9	10292177
20250403	orders	8	30037500
20250403	orders	9	67810612
20250403	trades	8	21308715
20250403	trades	9	56989086
20250403	xinqing	8	2044661
20250403	xinqing	9	10752952
20250407	orders	8	44131377
20250407	orders	9	61472292
20250407	trades	8	37475305
20250407	trades	9	54111501
20250407	xinqing	8	2155642
20250407	xinqing	9	9395743
20250408	orders	8	48992544
20250408	orders	9	91401446
20250408	trades	8	40513008
20250408	trades	9	83775643
20250408	xinqing	8	2169079
20250408	xinqing	9	11548491
20250409	orders	8	48957625
20250409	orders	9	98166390
20250409	trades	8	39040186
20250409	trades	9	84513171
20250409	xinqing	8	2129970
20250409	xinqing	9	11702620
20250410	orders	8	44843846
20250410	orders	9	82704284
20250410	trades	8	34665939
20250410	trades	9	71972306
20250410	xinqing	8	2152232
20250410	xinqing	9	11239218
20250411	orders	8	34223571
20250411	orders	9	76395198
20250411	trades	8	25000738
20250411	trades	9	65350952
20250411	xinqing	8	2076886
20250411	xinqing	9	10940912
20250414	orders	8	35276604
20250414	orders	9	71275194
20250414	trades	8	26416204
20250414	trades	9	61320966
20250414	xinqing	8	2086287
20250414	xinqing	9	10839553
20250415	orders	8	32172647
20250415	orders	9	67637225
20250415	trades	8	23913042
20250415	trades	9	57719744
20250415	xinqing	8	2060928
20250415	xinqing	9	10629464
20250416	orders	8	29803585
20250416	orders	9	72457857
20250416	trades	8	21395298
20250416	trades	9	62839700
20250416	xinqing	8	2027197
20250416	xinqing	9	10948015
20250417	orders	8	28364310
20250417	orders	9	62973959
20250417	trades	8	19995228
20250417	trades	9	52908945
20250417	xinqing	8	2039904
20250417	xinqing	9	10628584
20250418	orders	8	28597981
20250418	orders	9	59953354
20250418	trades	8	20732499
20250418	trades	9	50787471
20250418	xinqing	8	2017323
20250418	xinqing	9	10366694
20250421	orders	8	28554888
20250421	orders	9	63305302
20250421	trades	8	20716773
20250421	trades	9	54190829
20250421	xinqing	8	2027029
20250421	xinqing	9	10546956
20250422	orders	8	32711619
20250422	orders	9	65715967
20250422	trades	8	24036330
20250422	trades	9	55329436
20250422	xinqing	8	2051667
20250422	xinqing	9	10589160
20250423	orders	8	33361491
20250423	orders	9	68489915
20250423	trades	8	24565956
20250423	trades	9	58454552
20250423	xinqing	8	2064280
20250423	xinqing	9	10748033
20250424	orders	8	32366544
20250424	orders	9	66813811
20250424	trades	8	23617848
20250424	trades	9	56552067
20250424	xinqing	8	2058050
20250424	xinqing	9	10777618
20250425	orders	8	31009546
20250425	orders	9	69405212
20250425	trades	8	22357700
20250425	trades	9	57880741
20250425	xinqing	8	2047380
20250425	xinqing	9	10730084
20250428	orders	8	36041810
20250428	orders	9	63315472
20250428	trades	8	27366059
20250428	trades	9	53780654
20250428	xinqing	8	2092865
20250428	xinqing	9	10508181
20250429	orders	8	31606136
20250429	orders	9	64432499
20250429	trades	8	22825196
20250429	trades	9	54112738
20250429	xinqing	8	2054572
20250429	xinqing	9	10561869
20250430	orders	8	31979946
20250430	orders	9	69133790
20250430	trades	8	23356943
20250430	trades	9	59550045
20250430	xinqing	8	2057053
20250430	xinqing	9	10728946
20250506	orders	8	33205389
20250506	orders	9	74266598
20250506	trades	8	24957447
20250506	trades	9	65605692
20250506	xinqing	8	2085154
20250506	xinqing	9	11175022
20250507	orders	8	38853094
20250507	orders	9	74891905
20250507	trades	8	29588536
20250507	trades	9	65014208
20250507	xinqing	8	2124225
20250507	xinqing	9	11036966
20250508	orders	8	31897915
20250508	orders	9	71055678
20250508	trades	8	22901598
20250508	trades	9	61403556
20250508	xinqing	8	2072471
20250508	xinqing	9	10912004
20250509	orders	8	33275404
20250509	orders	9	66768889
20250509	trades	8	24683188
20250509	trades	9	57727319
20250509	xinqing	8	2080999
20250509	xinqing	9	10681861
20250512	orders	8	32315223
20250512	orders	9	68018867
20250512	trades	8	23686296
20250512	trades	9	58110454
20250512	xinqing	8	2074745
20250512	xinqing	9	10641124
20250513	orders	8	36047692
20250513	orders	9	67185574
20250513	trades	8	26261152
20250513	trades	9	57653568
20250513	xinqing	8	2119062
20250513	xinqing	9	10609026
20250514	orders	8	30845136
20250514	orders	9	73523972
20250514	trades	8	21849681
20250514	trades	9	62973720
20250514	xinqing	8	2048541
20250514	xinqing	9	10806755
20250515	orders	8	33117684
20250515	orders	9	64422625
20250515	trades	8	24229377
20250515	trades	9	55259914
20250515	xinqing	8	2055215
20250515	xinqing	9	10515552
20250516	orders	8	30105512
20250516	orders	9	64602223
20250516	trades	8	21569397
20250516	trades	9	54854570
20250516	xinqing	8	2040652
20250516	xinqing	9	10560897
20250519	orders	8	32794922
20250519	orders	9	64922089
20250519	trades	8	24396020
20250519	trades	9	53958186
20250519	xinqing	8	2067393
20250519	xinqing	9	10736141
20250520	orders	8	31642056
20250520	orders	9	66425928
20250520	trades	8	22898969
20250520	trades	9	56049681
20250520	xinqing	8	2060123
20250520	xinqing	9	10820172
20250521	orders	8	32333701
20250521	orders	9	66519004
20250521	trades	8	23091432
20250521	trades	9	56683965
20250521	xinqing	8	2058863
20250521	xinqing	9	10571111
20250522	orders	8	31157497
20250522	orders	9	66486201
20250522	trades	8	21983914
20250522	trades	9	57487734
20250522	xinqing	8	2055325
20250522	xinqing	9	10813937
20250523	orders	8	29655937
20250523	orders	9	68087899
20250523	trades	8	21010002
20250523	trades	9	59154996
20250523	xinqing	8	2036747
20250523	xinqing	9	10723088
20250526	orders	8	28166485
20250526	orders	9	62304179
20250526	trades	8	20306627
20250526	trades	9	52892269
20250526	xinqing	8	2024349
20250526	xinqing	9	10479472
20250527	orders	8	29097925
20250527	orders	9	62991284
20250527	trades	8	20919020
20250527	trades	9	53537545
20250527	xinqing	8	2033559
20250527	xinqing	9	10425849
20250528	orders	8	28948614
20250528	orders	9	63515726
20250528	trades	8	20913456
20250528	trades	9	53973167
20250528	xinqing	8	2027901
20250528	xinqing	9	10401206
20250529	orders	8	30763816
20250529	orders	9	68822019
20250529	trades	8	22239364
20250529	trades	9	59093350
20250529	xinqing	8	2052294
20250529	xinqing	9	10893085
20250530	orders	8	32624357
20250530	orders	9	63101258
20250530	trades	8	24542461
20250530	trades	9	54729576
20250530	xinqing	8	2068221
20250530	xinqing	9	10631216
20250603	orders	8	30826053
20250603	orders	9	63759963
20250603	trades	8	22941999
20250603	trades	9	55131531
20250603	xinqing	8	2062810
20250603	xinqing	9	10667153
20250604	orders	8	29790004
20250604	orders	9	66127740
20250604	trades	8	21398289
20250604	trades	9	56350422
20250604	xinqing	8	2038899
20250604	xinqing	9	10683764
20250605	orders	8	31194740
20250605	orders	9	71129528
20250605	trades	8	22315229
20250605	trades	9	61462051
20250605	xinqing	8	2061958
20250605	xinqing	9	10794340
20250606	orders	8	31727440
20250606	orders	9	64283175
20250606	trades	8	22629969
20250606	trades	9	54507751
20250606	xinqing	8	2056457
20250606	xinqing	9	10558183
20250609	orders	8	31161084
20250609	orders	9	67756453
20250609	trades	8	22582672
20250609	trades	9	58110998
20250609	xinqing	8	2065662
20250609	xinqing	9	10898595
20250610	orders	8	31345327
20250610	orders	9	77890360
20250610	trades	8	22348507
20250610	trades	9	67486632
20250610	xinqing	8	2061823
20250610	xinqing	9	11093302
20250611	orders	8	32379585
20250611	orders	9	66729644
20250611	trades	8	23249346
20250611	trades	9	56599212
20250611	xinqing	8	2072861
20250611	xinqing	9	10687285
20250612	orders	8	30312935
20250612	orders	9	67739623
20250612	trades	8	21161084
20250612	trades	9	57505959
20250612	xinqing	8	2045608
20250612	xinqing	9	10829483
20250613	orders	8	33032235
20250613	orders	9	79667082
20250613	trades	8	24531149
20250613	trades	9	69295272
20250613	xinqing	8	2075436
20250613	xinqing	9	11224116
20250616	orders	8	31690472
20250616	orders	9	63975082
20250616	trades	8	23547010
20250616	trades	9	54939830
20250616	xinqing	8	2068053
20250616	xinqing	9	10640823
20250617	orders	8	29878964
20250617	orders	9	66153718
20250617	trades	8	21210720
20250617	trades	9	56576914
20250617	xinqing	8	2039980
20250617	xinqing	9	10590076
20250618	orders	8	29242625
20250618	orders	9	64563245
20250618	trades	8	21039421
20250618	trades	9	55525777
20250618	xinqing	8	2028792
20250618	xinqing	9	10520920
20250619	orders	8	28855321
20250619	orders	9	67434485
20250619	trades	8	20725714
20250619	trades	9	59192118
20250619	xinqing	8	2023784
20250619	xinqing	9	10866445
20250620	orders	8	28117881
20250620	orders	9	59881942
20250620	trades	8	20315696
20250620	trades	9	51375477
20250620	xinqing	8	2022930
20250620	xinqing	9	10349579
20250623	orders	8	29281762
20250623	orders	9	62888049
20250623	trades	8	21298623
20250623	trades	9	53557288
20250623	xinqing	8	2021477
20250623	xinqing	9	10622249
20250624	orders	8	31420663
20250624	orders	9	72459133
20250624	trades	8	22817224
20250624	trades	9	62753904
20250624	xinqing	8	2059597
20250624	xinqing	9	10933238
20250625	orders	8	32555111
20250625	orders	9	77408678
20250625	trades	8	23384389
20250625	trades	9	68080364
20250625	xinqing	8	2064539
20250625	xinqing	9	10979264
20250626	orders	8	34271908
20250626	orders	9	76117073
20250626	trades	8	24842647
20250626	trades	9	66240909
20250626	xinqing	8	2060949
20250626	xinqing	9	10903428
20250627	orders	8	34633974
20250627	orders	9	76875009
20250627	trades	8	25174727
20250627	trades	9	66119720
20250627	xinqing	8	2049124
20250627	xinqing	9	10751028
20250630	orders	8	33338712
20250630	orders	9	72676944
20250630	trades	8	24436062
20250630	trades	9	62856496
20250630	xinqing	8	2053577
20250630	xinqing	9	10872965
20250701	orders	8	34456373
20250701	orders	9	74348184
20250701	trades	8	25521782
20250701	trades	9	65007957
20250701	xinqing	8	2070137
20250701	xinqing	9	10888384
20250702	orders	8	34207041
20250702	orders	9	74558608
20250702	trades	8	24985441
20250702	trades	9	64118190
20250702	xinqing	8	2064353
20250702	xinqing	9	10860533
20250703	orders	8	33057272
20250703	orders	9	69862902
20250703	trades	8	23675356
20250703	trades	9	59282890
20250703	xinqing	8	2050756
20250703	xinqing	9	10700283
20250704	orders	8	33138567
20250704	orders	9	75779332
20250704	trades	8	23921130
20250704	trades	9	65207350
20250704	xinqing	8	2056971
20250704	xinqing	9	10948865
20250707	orders	8	32161202
20250707	orders	9	66703856
20250707	trades	8	23370332
20250707	trades	9	56422780
20250707	xinqing	8	2051347
20250707	xinqing	9	10612477
20250708	orders	8	32222285
20250708	orders	9	76495164
20250708	trades	8	23089099
20250708	trades	9	65309862
20250708	xinqing	8	2050951
20250708	xinqing	9	10989093
20250709	orders	8	35216378
20250709	orders	9	76224185
20250709	trades	8	25406841
20250709	trades	9	66176394
20250709	xinqing	8	2073420
20250709	xinqing	9	10949641
20250710	orders	8	33808364
20250710	orders	9	77591307
20250710	trades	8	24428470
20250710	trades	9	66481975
20250710	xinqing	8	2050944
20250710	xinqing	9	10919890
20250711	orders	8	35649856
20250711	orders	9	88773166
20250711	trades	8	26039077
20250711	trades	9	77395340
20250711	xinqing	8	2063264
20250711	xinqing	9	11228947
20250714	orders	8	37874274
20250714	orders	9	74160702
20250714	trades	8	28253190
20250714	trades	9	64041484
20250714	xinqing	8	2088390
20250714	xinqing	9	11013131
20250715	orders	8	38060226
20250715	orders	9	82436830
20250715	trades	8	28446500
20250715	trades	9	71865430
20250715	xinqing	8	2102385
20250715	xinqing	9	11192311
20250716	orders	8	35545999
20250716	orders	9	77894431
20250716	trades	8	25101896
20250716	trades	9	64907946
20250716	xinqing	8	2066584
20250716	xinqing	9	10914537
20250717	orders	8	32159580
20250717	orders	9	79220370
20250717	trades	8	22255685
20250717	trades	9	67879175
20250717	xinqing	8	2052380
20250717	xinqing	9	10917063
20250718	orders	8	35383957
20250718	orders	9	76643827
20250718	trades	8	25254453
20250718	trades	9	65095215
20250718	xinqing	8	2070100
20250718	xinqing	9	10787014
20250721	orders	8	39433444
20250721	orders	9	83258649
20250721	trades	8	28725412
20250721	trades	9	71607795
20250721	xinqing	8	2107060
20250721	xinqing	9	11291496
20250722	orders	8	40583739
20250722	orders	9	93790195
20250722	trades	8	29375714
20250722	trades	9	80624410
20250722	xinqing	8	2103015
20250722	xinqing	9	11376048
20250723	orders	8	44103565
20250723	orders	9	90559491
20250723	trades	8	31820481
20250723	trades	9	79411630
20250723	xinqing	8	2107205
20250723	xinqing	9	11270840
20250724	orders	8	39880571
20250724	orders	9	89939003
20250724	trades	8	29026980
20250724	trades	9	77444464
20250724	xinqing	8	2087187
20250724	xinqing	9	11318471
20250725	orders	8	40808521
20250725	orders	9	85833518
20250725	trades	8	29861543
20250725	trades	9	74647827
20250725	xinqing	8	2105427
20250725	xinqing	9	11116285
20250728	orders	8	40012194
20250728	orders	9	82066675
20250728	trades	8	29507869
20250728	trades	9	70642264
20250728	xinqing	8	2097732
20250728	xinqing	9	11127279
20250729	orders	8	37672499
20250729	orders	9	85017987
20250729	trades	8	28087585
20250729	trades	9	72858046
20250729	xinqing	8	2107654
20250729	xinqing	9	11174290
20250730	orders	8	38123411
20250730	orders	9	88080695
20250730	trades	8	27460518
20250730	trades	9	76223160
20250730	xinqing	8	2094871
20250730	xinqing	9	11261726
20250731	orders	8	37323080
20250731	orders	9	88460903
20250731	trades	8	27276187
20250731	trades	9	78445777
20250731	xinqing	8	2127340
20250731	xinqing	9	11737855
20250801	orders	8	34079911
20250801	orders	9	77834490
20250801	trades	8	24858026
20250801	trades	9	66235957
20250801	xinqing	8	2072823
20250801	xinqing	9	11002623
20250804	orders	8	34469493
20250804	orders	9	72573767
20250804	trades	8	24818675
20250804	trades	9	61313102
20250804	xinqing	8	2111336
20250804	xinqing	9	11418773
20250805	orders	8	34557922
20250805	orders	9	76908695
20250805	trades	8	24498618
20250805	trades	9	64762763
20250805	xinqing	8	2088984
20250805	xinqing	9	11036841
20250806	orders	8	35386146
20250806	orders	9	81127026
20250806	trades	8	25200351
20250806	trades	9	69296036
20250806	xinqing	8	2085181
20250806	xinqing	9	11192847
20250807	orders	8	37156381
20250807	orders	9	84184865
20250807	trades	8	26350092
20250807	trades	9	71234577
20250807	xinqing	8	2093732
20250807	xinqing	9	11183536
20250808	orders	8	37230060
20250808	orders	9	82585941
20250808	trades	8	26547248
20250808	trades	9	68939444
20250808	xinqing	8	2086763
20250808	xinqing	9	11102224
20250811	orders	8	37818255
20250811	orders	9	86676317
20250811	trades	8	27414443
20250811	trades	9	73846617
20250811	xinqing	8	2101975
20250811	xinqing	9	11535051
20250812	orders	8	39195996
20250812	orders	9	84654999
20250812	trades	8	28124723
20250812	trades	9	71993238
20250812	xinqing	8	2109386
20250812	xinqing	9	11209988
20250813	orders	8	39561022
20250813	orders	9	93486508
20250813	trades	8	28604628
20250813	trades	9	80391775
20250813	xinqing	8	2115292
20250813	xinqing	9	11425354
20250814	orders	8	43687190
20250814	orders	9	100188871
20250814	trades	8	31812706
20250814	trades	9	86733311
20250814	xinqing	8	2113122
20250814	xinqing	9	11589168
20250815	orders	8	41018645
20250815	orders	9	98414860
20250815	trades	8	29783976
20250815	trades	9	83909329
20250815	xinqing	8	2097650
20250815	xinqing	9	11426010
20250818	orders	8	45897700
20250818	orders	9	108938914
20250818	trades	8	34165736
20250818	trades	9	95149573
20250818	xinqing	8	2133183
20250818	xinqing	9	11760793
20250819	orders	8	46947147
20250819	orders	9	108403837
20250819	trades	8	34395457
20250819	trades	9	93164803
20250819	xinqing	8	2132719
20250819	xinqing	9	11644647
20250820	orders	8	48034918
20250820	orders	9	104942768
20250820	trades	8	35047430
20250820	trades	9	89808863
20250820	xinqing	8	2129323
20250820	xinqing	9	11547644
20250821	orders	8	50115812
20250821	orders	9	103688884
20250821	trades	8	36913425
20250821	trades	9	88488902
20250821	xinqing	8	2141473
20250821	xinqing	9	11639329
20250822	orders	8	44208478
20250822	orders	9	106512103
20250822	trades	8	31837474
20250822	trades	9	91008443
20250822	xinqing	8	2124645
20250822	xinqing	9	11616618
20250825	orders	8	53038552
20250825	orders	9	116854697
20250825	trades	8	39705949
20250825	trades	9	101607840
20250825	xinqing	8	2164209
20250825	xinqing	9	11929758
20250826	orders	8	50613141
20250826	orders	9	109400741
20250826	trades	8	36953463
20250826	trades	9	93871852
20250826	xinqing	8	2152081
20250826	xinqing	9	11777614
20250827	orders	8	49397130
20250827	orders	9	127526223
20250827	trades	8	36553742
20250827	trades	9	113371272
20250827	xinqing	8	2146745
20250827	xinqing	9	12023786
20250828	orders	8	48349131
20250828	orders	9	123367779
20250828	trades	8	35911795
20250828	trades	9	107273358
20250828	xinqing	8	2145145
20250828	xinqing	9	12165590
20250829	orders	8	51825333
20250829	orders	9	106981923
20250829	trades	8	38704714
20250829	trades	9	91397807
20250829	xinqing	8	2143608
20250829	xinqing	9	11504900
20250901	orders	8	52194099
20250901	orders	9	105238595
20250901	trades	8	39542452
20250901	trades	9	91193112
20250901	xinqing	8	2143615
20250901	xinqing	9	11626700
20250902	orders	8	50799890
20250902	orders	9	115519418
20250902	trades	8	38883291
20250902	trades	9	99948712
20250902	xinqing	8	2142659
20250902	xinqing	9	11729721
20250903	orders	8	41335236
20250903	orders	9	106154934
20250903	trades	8	29893804
20250903	trades	9	91567744
20250903	xinqing	8	2083305
20250903	xinqing	9	11447449
20250904	orders	8	43974052
20250904	orders	9	109430719
20250904	trades	8	32690212
20250904	trades	9	95875999
20250904	xinqing	8	2105973
20250904	xinqing	9	11652101
20250905	orders	8	42103672
20250905	orders	9	99110138
20250905	trades	8	30694506
20250905	trades	9	84346541
20250905	xinqing	8	2099764
20250905	xinqing	9	11388300
20250908	orders	8	47130835
20250908	orders	9	97080904
20250908	trades	8	34983768
20250908	trades	9	83028802
20250908	xinqing	8	2132762
20250908	xinqing	9	11410068
20250909	orders	8	41919621
20250909	orders	9	95134389
20250909	trades	8	30271004
20250909	trades	9	81363472
20250909	xinqing	8	2103272
20250909	xinqing	9	11346674
20250910	orders	8	39399563
20250910	orders	9	87285646
20250910	trades	8	28039252
20250910	trades	9	73658222
20250910	xinqing	8	2085163
20250910	xinqing	9	11022501
20250911	orders	8	41031705
20250911	orders	9	101031341
20250911	trades	8	29634442
20250911	trades	9	86377517
20250911	xinqing	8	2092450
20250911	xinqing	9	11435828
20250912	orders	8	45339317
20250912	orders	9	102729765
20250912	trades	8	32784810
20250912	trades	9	87664138
20250912	xinqing	8	2114108
20250912	xinqing	9	11396667
20250915	orders	8	45536437
20250915	orders	9	92187820
20250915	trades	8	33278572
20250915	trades	9	78629020
20250915	xinqing	8	2106419
20250915	xinqing	9	11165161
20250916	orders	8	44063987
20250916	orders	9	100761915
20250916	trades	8	31751421
20250916	trades	9	85686095
20250916	xinqing	8	2094359
20250916	xinqing	9	11396623
20250917	orders	8	43526478
20250917	orders	9	98979138
20250917	trades	8	31284218
20250917	trades	9	83514636
20250917	xinqing	8	2108073
20250917	xinqing	9	11298098
20250918	orders	8	47010760
20250918	orders	9	128559761
20250918	trades	8	34363179
20250918	trades	9	113463331
20250918	xinqing	8	2116729
20250918	xinqing	9	11803613
20250919	orders	8	47975298
20250919	orders	9	99985513
20250919	trades	8	35363757
20250919	trades	9	83717949
20250919	xinqing	8	2133207
20250919	xinqing	9	11449194
20250922	orders	8	43036022
20250922	orders	9	88522025
20250922	trades	8	31682833
20250922	trades	9	74392930
20250922	xinqing	8	2114817
20250922	xinqing	9	11115318
20250923	orders	8	47328219
20250923	orders	9	107922133
20250923	trades	8	35570142
20250923	trades	9	91551004
20250923	xinqing	8	2128610
20250923	xinqing	9	11555566
20250924	orders	8	42487196
20250924	orders	9	96089727
20250924	trades	8	30609951
20250924	trades	9	80226703
20250924	xinqing	8	2097105
20250924	xinqing	9	11243333
20250925	orders	8	44702432
20250925	orders	9	94750657
20250925	trades	8	32273357
20250925	trades	9	79750815
20250925	xinqing	8	2077991
20250925	xinqing	9	11058915
20250926	orders	8	42921519
20250926	orders	9	91482364
20250926	trades	8	31352627
20250926	trades	9	77411604
20250926	xinqing	8	2091910
20250926	xinqing	9	11083321
20250929	orders	8	41186682
20250929	orders	9	93239861
20250929	trades	8	30090186
20250929	trades	9	78691880
20250929	xinqing	8	2084681
20250929	xinqing	9	10991038
20250930	orders	8	39410008
20250930	orders	9	52600225
20250930	trades	8	28603702
20250930	trades	9	42987232
20250930	xinqing	8	2062073
20250930	xinqing	9	6223929
20251009	orders	8	46658473
20251009	orders	9	98084085
20251009	trades	8	36142089
20251009	trades	9	85638493
20251009	xinqing	8	2113149
20251009	xinqing	9	11252198
20251010	orders	8	49846142
20251010	orders	9	101706834
20251010	trades	8	38865124
20251010	trades	9	87891723
20251010	xinqing	8	1919475
20251010	xinqing	9	11149513
20251013	orders	8	56334387
20251013	orders	9	99070909
20251013	trades	8	41568236
20251013	trades	9	84539419
20251013	xinqing	8	2175446
20251013	xinqing	9	11239192
20251014	orders	8	48935262
20251014	orders	9	114160238
20251014	trades	8	36184211
20251014	trades	9	99815293
20251014	xinqing	8	2092506
20251014	xinqing	9	11378162
20251015	orders	8	44421277
20251015	orders	9	98059678
20251015	trades	8	32022618
20251015	trades	9	82424083
20251015	xinqing	8	2081945
20251015	xinqing	9	11070617
20251016	orders	8	41415579
20251016	orders	9	91779915
20251016	trades	8	29665677
20251016	trades	9	78120227
20251016	xinqing	8	2081303
20251016	xinqing	9	10989398
20251017	orders	8	41535928
20251017	orders	9	94497532
20251017	trades	8	30945207
20251017	trades	9	81919181
20251017	xinqing	8	1934179
20251017	xinqing	9	11166209
20251020	orders	8	41436942
20251020	orders	9	83659694
20251020	trades	8	30640924
20251020	trades	9	70761250
20251020	xinqing	8	2075704
20251020	xinqing	9	10809189
20251021	orders	8	38114413
20251021	orders	9	90983875
20251021	trades	8	27299520
20251021	trades	9	77172968
20251021	xinqing	8	2070321
20251021	xinqing	9	11215694
20251022	orders	8	41198373
20251022	orders	9	81034757
20251022	trades	8	29912934
20251022	trades	9	68647681
20251022	xinqing	8	2096268
20251022	xinqing	9	10853239
20251023	orders	8	39875214
20251023	orders	9	86320886
20251023	trades	8	29847847
20251023	trades	9	72159570
20251023	xinqing	8	2084007
20251023	xinqing	9	10930501
20251024	orders	8	42061717
20251024	orders	9	87359150
20251024	trades	8	30749412
20251024	trades	9	74497020
20251024	xinqing	8	2106604
20251024	xinqing	9	11039374
20251027	orders	8	47561808
20251027	orders	9	97228937
20251027	trades	8	35391699
20251027	trades	9	82409441
20251027	xinqing	8	2130110
20251027	xinqing	9	11279581
20251028	orders	8	43283739
20251028	orders	9	95391244
20251028	trades	8	31203362
20251028	trades	9	81034260
20251028	xinqing	8	2107484
20251028	xinqing	9	11132843
20251029	orders	8	43526815
20251029	orders	9	94406473
20251029	trades	8	32377912
20251029	trades	9	81047989
20251029	xinqing	8	2120272
20251029	xinqing	9	11107510
20251030	orders	8	48749335
20251030	orders	9	103181586
20251030	trades	8	36127556
20251030	trades	9	87934391
20251030	xinqing	8	2125417
20251030	xinqing	9	11288027
20251031	orders	8	49183895
20251031	orders	9	100772620
20251031	trades	8	36356244
20251031	trades	9	86079121
20251031	xinqing	8	2123209
20251031	xinqing	9	11388146
20251103	orders	8	46502135
20251103	orders	9	96400535
20251103	trades	8	34797899
20251103	trades	9	82398551
20251103	xinqing	8	2123087
20251103	xinqing	9	11416827
20251104	orders	8	42717047
20251104	orders	9	94648114
20251104	trades	8	30839964
20251104	trades	9	80920106
20251104	xinqing	8	2116967
20251104	xinqing	9	11283980
20251105	orders	8	42339249
20251105	orders	9	93376356
20251105	trades	8	30589822
20251105	trades	9	78864010
20251105	xinqing	8	2115320
20251105	xinqing	9	11308050
20251106	orders	8	45709621
20251106	orders	9	93146410
20251106	trades	8	33459869
20251106	trades	9	78632548
20251106	xinqing	8	2118673
20251106	xinqing	9	11173226
20251107	orders	8	44745610
20251107	orders	9	93061470
20251107	trades	8	32177799
20251107	trades	9	78708686
20251107	xinqing	8	2110904
20251107	xinqing	9	11184968
20251110	orders	8	46097009
20251110	orders	9	99606282
20251110	trades	8	34364800
20251110	trades	9	85209198
20251110	xinqing	8	2122042
20251110	xinqing	9	11407237
20251111	orders	8	42473351
20251111	orders	9	94017210
20251111	trades	8	30613865
20251111	trades	9	80442603
20251111	xinqing	8	2120379
20251111	xinqing	9	11313552
20251112	orders	8	43792887
20251112	orders	9	93177044
20251112	trades	8	32184248
20251112	trades	9	79696295
20251112	xinqing	8	2117019
20251112	xinqing	9	11294317
20251113	orders	8	41183969
20251113	orders	9	97156875
20251113	trades	8	29529940
20251113	trades	9	81727556
20251113	xinqing	8	2099353
20251113	xinqing	9	11418237
20251114	orders	8	46044411
20251114	orders	9	91596837
20251114	trades	8	33520170
20251114	trades	9	78257689
20251114	xinqing	8	2131083
20251114	xinqing	9	11344799
20251117	orders	8	45964433
20251117	orders	9	91648903
20251117	trades	8	34334007
20251117	trades	9	77941640
20251117	xinqing	8	2130442
20251117	xinqing	9	11302512
20251118	orders	8	45086325
20251118	orders	9	94048022
20251118	trades	8	33961413
20251118	trades	9	81156817
20251118	xinqing	8	2124110
20251118	xinqing	9	11258421
20251119	orders	8	39763607
20251119	orders	9	91386069
20251119	trades	8	28876187
20251119	trades	9	76649822
20251119	xinqing	8	2096911
20251119	xinqing	9	11291818
20251120	orders	8	40178726
20251120	orders	9	89418825
20251120	trades	8	28618045
20251120	trades	9	75460438
20251120	xinqing	8	2080123
20251120	xinqing	9	11107074
20251121	orders	8	43957813
20251121	orders	9	104179523
20251121	trades	8	33773207
20251121	trades	9	89190571
20251121	xinqing	8	2117469
20251121	xinqing	9	11800090
20251124	orders	8	39613576
20251124	orders	9	90301031
20251124	trades	8	29685325
20251124	trades	9	76481491
20251124	xinqing	8	2087299
20251124	xinqing	9	11223563
20251125	orders	8	37919691
20251125	orders	9	89337223
20251125	trades	8	27468925
20251125	trades	9	75600486
20251125	xinqing	8	2082206
20251125	xinqing	9	11156151
20251126	orders	8	37948068
20251126	orders	9	87718664
20251126	trades	8	27161336
20251126	trades	9	74217023
20251126	xinqing	8	2072999
20251126	xinqing	9	11024311
20251127	orders	8	38174789
20251127	orders	9	82681683
20251127	trades	8	27516833
20251127	trades	9	69699712
20251127	xinqing	8	2068953
20251127	xinqing	9	10812336
20251128	orders	8	34502338
20251128	orders	9	84058920
20251128	trades	8	24575197
20251128	trades	9	69421604
20251128	xinqing	8	2052158
20251128	xinqing	9	10933286
20251201	orders	8	40805272
20251201	orders	9	90726341
20251201	trades	8	29867804
20251201	trades	9	77133248
20251201	xinqing	8	2102681
20251201	xinqing	9	11193780
20251202	orders	8	39927178
20251202	orders	9	81931455
20251202	trades	8	29318191
20251202	trades	9	68584037
20251202	xinqing	8	2087823
20251202	xinqing	9	10834818
20251203	orders	8	38635844
20251203	orders	9	88315486
20251203	trades	8	28297228
20251203	trades	9	74545547
20251203	xinqing	8	2072540
20251203	xinqing	9	10955815
20251204	orders	8	38153059
20251204	orders	9	81600953
20251204	trades	8	28228636
20251204	trades	9	68522364
20251204	xinqing	8	2073760
20251204	xinqing	9	10822538
20251205	orders	8	36089674
20251205	orders	9	88314530
20251205	trades	8	26167879
20251205	trades	9	74479864
20251205	xinqing	8	2047258
20251205	xinqing	9	11020593
20251208	orders	8	41585574
20251208	orders	9	90593307
20251208	trades	8	31532121
20251208	trades	9	77654601
20251208	xinqing	8	2094675
20251208	xinqing	9	11147523
20251209	orders	8	40393119
20251209	orders	9	89410693
20251209	trades	8	29660526
20251209	trades	9	76594473
20251209	xinqing	8	2073692
20251209	xinqing	9	10970579
20251210	orders	8	40180585
20251210	orders	9	87692004
20251210	trades	8	29421497
20251210	trades	9	73514344
20251210	xinqing	8	2066782
20251210	xinqing	9	10953517
20251211	orders	8	41039799
20251211	orders	9	88874842
20251211	trades	8	30476239
20251211	trades	9	76909177
20251211	xinqing	8	2092715
20251211	xinqing	9	11067741
20251212	orders	8	39350057
20251212	orders	9	101063682
20251212	trades	8	29225706
20251212	trades	9	86139672
20251212	xinqing	8	2066862
20251212	xinqing	9	11280849
20251215	orders	8	19536125
20251215	orders	9	85531587
20251215	trades	8	15871363
20251215	trades	9	72331934
20251215	xinqing	8	1277634
20251215	xinqing	9	10887299
20251216	orders	8	41205978
20251216	orders	9	89323770
20251216	trades	8	31474299
20251216	trades	9	76235684
20251216	xinqing	8	2080043
20251216	xinqing	9	11006218
20251217	orders	8	38549852
20251217	orders	9	90467733
20251217	trades	8	28603214
20251217	trades	9	76725238
20251217	xinqing	8	2064726
20251217	xinqing	9	10881978
20251218	orders	8	37687795
20251218	orders	9	83981498
20251218	trades	8	27243359
20251218	trades	9	70745137
20251218	xinqing	8	2080296
20251218	xinqing	9	10883766
20251219	orders	8	38420726
20251219	orders	9	93522977
20251219	trades	8	27615522
20251219	trades	9	78281318
20251219	xinqing	8	2056221
20251219	xinqing	9	11220282
20251222	orders	8	42006527
20251222	orders	9	86769080
20251222	trades	8	31470487
20251222	trades	9	74014359
20251222	xinqing	8	2086104
20251222	xinqing	9	10910703
20251223	orders	8	41930514
20251223	orders	9	91357537
20251223	trades	8	31018277
20251223	trades	9	78493001
20251223	xinqing	8	2075595
20251223	xinqing	9	10764902
20251224	orders	8	39255615
20251224	orders	9	89593010
20251224	trades	8	28419110
20251224	trades	9	76187530
20251224	xinqing	8	2051152
20251224	xinqing	9	10866535
20251225	orders	8	39194805
20251225	orders	9	89221196
20251225	trades	8	28773679
20251225	trades	9	76362873
20251225	xinqing	8	2056460
20251225	xinqing	9	10972761
20251226	orders	8	42144097
20251226	orders	9	99057592
20251226	trades	8	31127960
20251226	trades	9	85979703
20251226	xinqing	8	2075338
20251226	xinqing	9	11186241
20251229	orders	8	47155782
20251229	orders	9	95828341
20251229	trades	8	35583087
20251229	trades	9	81666425
20251229	xinqing	8	2089563
20251229	xinqing	9	11106922
20251230	orders	8	45332811
20251230	orders	9	99811532
20251230	trades	8	33263610
20251230	trades	9	84261339
20251230	xinqing	8	2084010
20251230	xinqing	9	11015245
20251231	orders	8	44041854
20251231	orders	9	94117267
20251231	trades	8	32954180
20251231	trades	9	79512273
20251231	xinqing	8	2085877
20251231	xinqing	9	10996968
20260105	orders	8	48468518
20260105	orders	9	103328882
20260105	trades	8	36725857
20260105	trades	9	89664289
20260105	xinqing	8	2100190
20260105	xinqing	9	11443393
20260106	orders	8	49621239
20260106	orders	9	116070680
20260106	trades	8	37709922
20260106	trades	9	100025865
20260106	xinqing	8	2115363
20260106	xinqing	9	11541286
20260107	orders	8	52133620
20260107	orders	9	116933736
20260107	trades	8	38853441
20260107	trades	9	100835776
20260107	xinqing	8	2124354
20260107	xinqing	9	11452233
20260108	orders	8	49845672
20260108	orders	9	115213088
20260108	trades	8	36922613
20260108	trades	9	98660401
20260108	xinqing	8	2109275
20260108	xinqing	9	11506586
20260109	orders	8	53624251
20260109	orders	9	122892726
20260109	trades	8	40147679
20260109	trades	9	105833914
20260109	xinqing	8	2124154
20260109	xinqing	9	11684762
20260112	orders	8	60119409
20260112	orders	9	126656683
20260112	trades	8	46381403
20260112	trades	9	110055801
20260112	xinqing	8	2155671
20260112	xinqing	9	11862967
20260113	orders	8	68745224
20260113	orders	9	130881653
20260113	trades	8	53051230
20260113	trades	9	114614925
20260113	xinqing	8	2169259
20260113	xinqing	9	11800172
20260114	orders	8	57879848
20260114	orders	9	150799082
20260114	trades	8	43763176
20260114	trades	9	133629265
20260114	xinqing	8	2141731
20260114	xinqing	9	12015777
20260115	orders	8	57465614
20260115	orders	9	113762957
20260115	trades	8	42644769
20260115	trades	9	97453079
20260115	xinqing	8	2133193
20260115	xinqing	9	11388868
20260116	orders	8	54511108
20260116	orders	9	117551836
20260116	trades	8	40075965
20260116	trades	9	101634141
20260116	xinqing	8	2134719
20260116	xinqing	9	11516732
20260119	orders	8	52610108
20260119	orders	9	109899892
20260119	trades	8	38683780
20260119	trades	9	94515606
20260119	xinqing	8	2135977
20260119	xinqing	9	11560345
20260120	orders	8	53955438
20260120	orders	9	119349809
20260120	trades	8	40489267
20260120	trades	9	102506885
20260120	xinqing	8	2145570
20260120	xinqing	9	11629346
20260121	orders	8	50350088
20260121	orders	9	109125965
20260121	trades	8	36540004
20260121	trades	9	93862455
20260121	xinqing	8	2134836
20260121	xinqing	9	11492309
20260122	orders	8	51249583
20260122	orders	9	111903315
20260122	trades	8	37235263
20260122	trades	9	95180315
20260122	xinqing	8	2134402
20260122	xinqing	9	11573590
20260123	orders	8	54506289
20260123	orders	9	125282766
20260123	trades	8	40457161
20260123	trades	9	109470893
20260123	xinqing	8	2149388
20260123	xinqing	9	11707632
20260126	orders	8	65077530
20260126	orders	9	128532703
20260126	trades	8	50790666
20260126	trades	9	112208043
20260126	xinqing	8	2176680
20260126	xinqing	9	11848630
20260127	orders	8	60039927
20260127	orders	9	121061497
20260127	trades	8	46692952
20260127	trades	9	102917533
20260127	xinqing	8	2168355
20260127	xinqing	9	11625402
20260128	orders	8	53804759
20260128	orders	9	122449603
20260128	trades	8	39715258
20260128	trades	9	105606516
20260128	xinqing	8	2130273
20260128	xinqing	9	11529276
20260129	orders	8	62877859
20260129	orders	9	132782984
20260129	trades	8	47124045
20260129	trades	9	113610149
20260129	xinqing	8	2147163
20260129	xinqing	9	11738146
20260130	orders	8	59787760
20260130	orders	9	119570785
20260130	trades	8	45017036
20260130	trades	9	100795424
20260130	xinqing	8	2157146
20260130	xinqing	9	11725746
20260202	orders	8	55951274
20260202	orders	9	113705239
20260202	trades	8	40732519
20260202	trades	9	97997513
20260202	xinqing	8	2148940
20260202	xinqing	9	11636848
20260203	orders	8	49582648
20260203	orders	9	112015293
20260203	trades	8	35698286
20260203	trades	9	94998770
20260203	xinqing	8	2123965
20260203	xinqing	9	11442149
20260204	orders	8	54957577
20260204	orders	9	107062268
20260204	trades	8	40562911
20260204	trades	9	89860774
20260204	xinqing	8	2131298
20260204	xinqing	9	11356547
20260205	orders	8	48196901
20260205	orders	9	104606003
20260205	trades	8	35014797
20260205	trades	9	87312556
20260205	xinqing	8	2110318
20260205	xinqing	9	11304959
20260206	orders	8	47795543
20260206	orders	9	106424437
20260206	trades	8	34496164
20260206	trades	9	88870549
20260206	xinqing	8	2102647
20260206	xinqing	9	11390906
20260209	orders	8	47932604
20260209	orders	9	95843375
20260209	trades	8	34697520
20260209	trades	9	80482923
20260209	xinqing	8	2124167
20260209	xinqing	9	11273438
20260210	orders	8	46595894
20260210	orders	9	91605300
20260210	trades	8	33733575
20260210	trades	9	76919832
20260210	xinqing	8	2121545
20260210	xinqing	9	11223565
20260211	orders	8	42483568
20260211	orders	9	90663361
20260211	trades	8	30267140
20260211	trades	9	76161499
20260211	xinqing	8	2146126
20260211	xinqing	9	11192525
20260212	orders	8	42058314
20260212	orders	9	93290821
20260212	trades	8	30128101
20260212	trades	9	79072068
20260212	xinqing	8	2109412
20260212	xinqing	9	11167727
20260213	orders	8	40817509
20260213	orders	9	89653183
20260213	trades	8	29329719
20260213	trades	9	77315056
20260213	xinqing	8	2068908
20260213	xinqing	9	11010001
20260224	orders	8	48696373
20260224	orders	9	93381432
20260224	trades	8	37227731
20260224	trades	9	78714597
20260224	xinqing	8	2112761
20260224	xinqing	9	11127168
20260225	orders	8	48261024
20260225	orders	9	107425691
20260225	trades	8	35940409
20260225	trades	9	92211807
20260225	xinqing	8	2107660
20260225	xinqing	9	11312718
20260226	orders	8	49294897
20260226	orders	9	104608553
20260226	trades	8	36913686
20260226	trades	9	90338378
20260226	xinqing	8	2105490
20260226	xinqing	9	11267402
20260227	orders	8	47756505
20260227	orders	9	105287730
20260227	trades	8	34935838
20260227	trades	9	89047962
20260227	xinqing	8	2091553
20260227	xinqing	9	11239569
20260302	orders	8	62909481
20260302	orders	9	127243876
20260302	trades	8	47547033
20260302	trades	9	110521243
20260302	xinqing	8	2177282
20260302	xinqing	9	11646563
20260303	orders	8	60037929
20260303	orders	9	134076637
20260303	trades	8	46917044
20260303	trades	9	118146475
20260303	xinqing	8	2132849
20260303	xinqing	9	11786433
20260304	orders	8	57290303
20260304	orders	9	109005687
20260304	trades	8	42717813
20260304	trades	9	92092172
20260304	xinqing	8	2127782
20260304	xinqing	9	11423540
20260305	orders	8	51177961
20260305	orders	9	105956869
20260305	trades	8	38044640
20260305	trades	9	89678715
20260305	xinqing	8	2117945
20260305	xinqing	9	11178431
20260306	orders	8	48446385
20260306	orders	9	103945063
20260306	trades	8	35033460
20260306	trades	9	86407104
20260306	xinqing	8	2098897
20260306	xinqing	9	11251736
20260309	orders	8	62743331
20260309	orders	9	114624810
20260309	trades	8	48726113
20260309	trades	9	96765491
20260309	xinqing	8	2162559
20260309	xinqing	9	11339086
20260310	orders	8	53400515
20260310	orders	9	100987906
20260310	trades	8	39683957
20260310	trades	9	85585962
20260310	xinqing	8	2118127
20260310	xinqing	9	11120621
20260311	orders	8	50277554
20260311	orders	9	109022710
20260311	trades	8	36389028
20260311	trades	9	92318522
20260311	xinqing	8	2105651
20260311	xinqing	9	11168820
20260312	orders	8	51349111
20260312	orders	9	112947138
20260312	trades	8	37145674
20260312	trades	9	95543698
20260312	xinqing	8	2104361
20260312	xinqing	9	11285394
20260313	orders	8	52956847
20260313	orders	9	110100250
20260313	trades	8	38740142
20260313	trades	9	93952616
20260313	xinqing	8	2104073
20260313	xinqing	9	11286983
20260316	orders	8	54688331
20260316	orders	9	105964977
20260316	trades	8	41343146
20260316	trades	9	89630040
20260316	xinqing	8	2115010
20260316	xinqing	9	11200533
20260317	orders	8	49631781
20260317	orders	9	104343936
20260317	trades	8	35712584
20260317	trades	9	89579276
20260317	xinqing	8	2097207
20260317	xinqing	9	11311167
20260318	orders	8	44751642
20260318	orders	9	100800903
20260318	trades	8	32277477
20260318	trades	9	84224928
20260318	xinqing	8	2085002
20260318	xinqing	9	11148775
20260319	orders	8	47192664
20260319	orders	9	103312963
20260319	trades	8	34027224
20260319	trades	9	87766654
20260319	xinqing	8	2102637
20260319	xinqing	9	11290760
20260320	orders	8	46824721
20260320	orders	9	109368209
20260320	trades	8	34539135
20260320	trades	9	91649753
20260320	xinqing	8	2094769
20260320	xinqing	9	11518454
20260323	orders	8	55640537
20260323	orders	9	125228147
20260323	trades	8	42889865
20260323	trades	9	106615859
20260323	xinqing	8	2138900
20260323	xinqing	9	11932203
20260324	orders	8	48029829
20260324	orders	9	115950994
20260324	trades	8	35732622
20260324	trades	9	96216290
20260324	xinqing	8	2130312
20260324	xinqing	9	11512490
20260325	orders	8	48883637
20260325	orders	9	104944939
20260325	trades	8	36407575
20260325	trades	9	86753754
20260325	xinqing	8	2111769
20260325	xinqing	9	11290504
20260326	orders	8	47056607
20260326	orders	9	100581791
20260326	trades	8	33928152
20260326	trades	9	83595647
20260326	xinqing	8	2081786
20260326	xinqing	9	11091892
20260327	orders	8	45392959
20260327	orders	9	100767326
20260327	trades	8	32237404
20260327	trades	9	81307940
20260327	xinqing	8	2071089
20260327	xinqing	9	11113662
20260330	orders	8	51473842
20260330	orders	9	98893983
20260330	trades	8	39128829
20260330	trades	9	79993237
20260330	xinqing	8	2118563
20260330	xinqing	9	11110192
20260331	orders	8	48594272
20260331	orders	9	103206259
20260331	trades	8	35319333
20260331	trades	9	86974183
20260331	xinqing	8	2088825
20260331	xinqing	9	11215722
20260401	orders	9	145438328
20260401	trades	9	115135929
20260401	xinqing	9	13239797
20260402	orders	9	142421737
20260402	trades	9	113619977
20260402	xinqing	9	13203083
20260403	orders	9	129730229
20260403	trades	9	104241603
20260403	xinqing	9	13018999
20260407	orders	9	126472236
20260407	trades	9	101353153
20260407	xinqing	9	12950170
20260408	orders	9	155729918
20260408	trades	9	128471402
20260408	xinqing	9	13484401
20260409	orders	9	144951914
20260409	trades	9	116385616
20260409	xinqing	9	13185702
20260410	orders	9	146254235
20260410	trades	9	116921462
20260410	xinqing	9	13200925
20260413	orders	9	141281714
20260413	trades	9	112647447
20260413	xinqing	9	13110223
20260414	orders	9	148058094
20260414	trades	9	118424595
20260414	xinqing	9	13223660
20260415	orders	9	151637514
20260415	trades	9	121826235
20260415	xinqing	9	13100312
20260416	orders	9	147136016
20260416	trades	9	116564179
20260416	xinqing	9	13313754
20260417	orders	9	150113754
20260417	trades	9	119280687
20260417	xinqing	9	13337516
20260420	orders	9	156415974
20260420	trades	9	125837122
20260420	xinqing	9	13291807
20260421	orders	9	155978780
20260421	trades	9	124702538
20260421	xinqing	9	13234342
20260422	orders	9	157313086
20260422	trades	9	125867212
20260422	xinqing	9	13253061
20260423	orders	9	172707378
20260423	trades	9	139539827
20260423	xinqing	9	13466956
20260424	orders	9	163785120
20260424	trades	9	130993988
20260424	xinqing	9	13332485
20260427	orders	9	161817473
20260427	trades	9	129557903
20260427	xinqing	9	13526439
20260428	orders	9	164158673
20260428	trades	9	132134862
20260428	xinqing	9	13478930
20260429	orders	9	165699027
20260429	trades	9	132582176
20260429	xinqing	9	13503892
20260430	orders	9	171232578
20260430	trades	9	136726653
20260430	xinqing	9	13533357
20260506	orders	8	56777643
20260506	orders	9	119289863
20260506	trades	8	43786305
20260506	trades	9	102062451
20260506	xinqing	8	2147814
20260506	xinqing	9	11704103
20260507	orders	8	57207174
20260507	orders	9	118088844
20260507	trades	8	42384455
20260507	trades	9	99955755
20260507	xinqing	8	2142561
20260507	xinqing	9	11518302
20260508	orders	8	56217367
20260508	orders	9	122797433
20260508	trades	8	40859195
20260508	trades	9	104008413
20260508	xinqing	8	2128273
20260508	xinqing	9	11517477
20260511	orders	8	64176360
20260511	orders	9	124062850
20260511	trades	8	48146263
20260511	trades	9	105105299
20260511	xinqing	8	2156443
20260511	xinqing	9	11677391
20260512	orders	8	60212266
20260512	orders	9	122676759
20260512	trades	8	44502517
20260512	trades	9	103859877
20260512	xinqing	8	2139187
20260512	xinqing	9	11486624
20260513	orders	8	56199863
20260513	orders	9	122878543
20260513	trades	8	40757365
20260513	trades	9	102759080
20260513	xinqing	8	2129922
20260513	xinqing	9	11426774
20260514	orders	8	64717874
20260514	orders	9	123640756
20260514	trades	8	48602548
20260514	trades	9	104924790
20260514	xinqing	8	2153092
20260514	xinqing	9	11435770
20260515	orders	8	60054425
20260515	orders	9	132209342
20260515	trades	8	45062699
20260515	trades	9	110421189
20260515	xinqing	8	2124198
20260515	xinqing	9	11678026
20260518	orders	8	55205748
20260518	orders	9	114381746
20260518	trades	8	39995386
20260518	trades	9	94799101
20260518	xinqing	8	2130479
20260518	xinqing	9	11369884
20260519	orders	8	51749970
20260519	orders	9	115930411
20260519	trades	8	36790811
20260519	trades	9	95182080
20260519	xinqing	8	2100550
20260519	xinqing	9	11200290
20260520	orders	8	56165878
20260520	orders	9	111305896
20260520	trades	8	40815921
20260520	trades	9	92444139
20260520	xinqing	8	2120840
20260520	xinqing	9	11128173
20260521	orders	8	57333818
20260521	orders	9	129413309
20260521	trades	8	41409317
20260521	trades	9	111014861
20260521	xinqing	8	2117626
20260521	xinqing	9	11525377
20260522	orders	8	52848197
20260522	orders	9	112219464
20260522	trades	8	38187738
20260522	trades	9	91699268
20260522	xinqing	8	2118497
20260522	xinqing	9	11294282
20260525	orders	8	56914587
20260525	orders	9	109276540
20260525	trades	8	42737091
20260525	trades	9	90389723
20260525	xinqing	8	2113680
20260525	xinqing	9	11183156
20260526	orders	8	59448478
20260526	orders	9	120161726
20260526	trades	8	43942198
20260526	trades	9	98595834
20260526	xinqing	8	2118769
20260526	xinqing	9	11305634
20260527	orders	8	56251581
20260527	orders	9	125812868
20260527	trades	8	40876190
20260527	trades	9	103032313
20260527	xinqing	8	2105462
20260527	xinqing	9	11444761
20260528	orders	8	53946589
20260528	orders	9	121272602
20260528	trades	8	38960904
20260528	trades	9	97839110
20260528	xinqing	8	2080043
20260528	xinqing	9	11300464
20260529	orders	8	58593749
20260529	orders	9	131412353
20260529	trades	8	43195830
20260529	trades	9	108162610
20260529	xinqing	8	2098387
20260529	xinqing	9	11457326
20260601	orders	8	58699129
20260601	orders	9	118751441
20260601	trades	8	43182476
20260601	trades	9	96912850
20260601	xinqing	8	2116712
20260601	xinqing	9	11442178
20260602	orders	8	56157934
20260602	orders	9	118304579
20260602	trades	8	41465100
20260602	trades	9	95744806
20260602	xinqing	8	2128297
20260602	xinqing	9	11229537
20260603	orders	8	54157199
20260603	orders	9	123967097
20260603	trades	8	38815302
20260603	trades	9	100951144
20260603	xinqing	8	2092407
20260603	xinqing	9	11166927
20260604	orders	8	53498210
20260604	orders	9	114532836
20260604	trades	8	38175572
20260604	trades	9	93032578
20260604	xinqing	8	2091845
20260604	xinqing	9	11014652
20260605	orders	8	58650752
20260605	orders	9	124845870
20260605	trades	8	42753075
20260605	trades	9	101408645
20260605	xinqing	8	2095238
20260605	xinqing	9	11248967
20260608	orders	8	56544901
20260608	orders	9	123265115
20260608	trades	8	41365254
20260608	trades	9	101398485
20260608	xinqing	8	2097550
20260608	xinqing	9	11507586
20260609	orders	8	52709843
20260609	orders	9	110984029
20260609	trades	8	38422668
20260609	trades	9	89862572
20260609	xinqing	8	2077482
20260609	xinqing	9	11030976
20260610	orders	8	52766154
20260610	orders	9	113276925
20260610	trades	8	38709466
20260610	trades	9	92223320
20260610	xinqing	8	2069099
20260610	xinqing	9	11079367
20260611	orders	8	50489467
20260611	orders	9	110464584
20260611	trades	8	36576532
20260611	trades	9	88982268
20260611	xinqing	8	2064451
20260611	xinqing	9	10942886
20260612	orders	8	54229132
20260612	orders	9	129766460
20260612	trades	8	39501718
20260612	trades	9	107358532
20260612	xinqing	8	2082097
20260612	xinqing	9	11377789
20260615	orders	8	58969299
20260615	orders	9	115034970
20260615	trades	8	44330753
20260615	trades	9	95751497
20260615	xinqing	8	2105265
20260615	xinqing	9	11144132
20260616	orders	8	56832643
20260616	orders	9	118801176
20260616	trades	8	41847129
20260616	trades	9	98581721
20260616	xinqing	8	2112809
20260616	xinqing	9	11166495
20260617	orders	8	54071816
20260617	orders	9	117616559
20260617	trades	8	39304449
20260617	trades	9	97929279
20260617	xinqing	8	2082676
20260617	xinqing	9	11016687
20260618	orders	8	55725385
20260618	orders	9	121796088
20260618	trades	8	40647186
20260618	trades	9	101807696
20260618	xinqing	8	2082137
20260618	xinqing	9	10937054
20260622	orders	8	60833027
20260622	orders	9	138335522
20260622	trades	8	45636948
20260622	trades	9	115034225
20260622	xinqing	8	2108551
20260622	xinqing	9	11383301
20260623	orders	8	67652941
20260623	orders	9	124959185
20260623	trades	8	50023065
20260623	trades	9	104618239
20260623	xinqing	8	2124869
20260623	xinqing	9	11083402
20260624	orders	8	59117142
20260624	orders	9	125240859
20260624	trades	8	43415470
20260624	trades	9	103635138
20260624	xinqing	8	2099988
20260624	xinqing	9	11149650
20260625	orders	8	63153054
20260625	orders	9	126348926
20260625	trades	8	46411072
20260625	trades	9	104059648
20260625	xinqing	8	2093430
20260625	xinqing	9	10969716
20260626	orders	8	64274368
20260626	orders	9	129900045
20260626	trades	8	47634724
20260626	trades	9	107934404
20260626	xinqing	8	2093483
20260626	xinqing	9	11045584
20260629	orders	8	61313777
20260629	orders	9	130627811
20260629	trades	8	45961867
20260629	trades	9	106127840
20260629	xinqing	8	2087750
20260629	xinqing	9	11084179
20260630	orders	8	58703288
20260630	orders	9	120143110
20260630	trades	8	42684512
20260630	trades	9	97526951
20260630	xinqing	8	2064642
20260630	xinqing	9	10962183
20260701	orders	8	58249621
20260701	orders	9	135541714
20260701	trades	8	42945270
20260701	trades	9	111784679
20260701	xinqing	8	2079841
20260701	xinqing	9	11316392
20260702	orders	8	66900869
20260702	orders	9	128147308
20260702	trades	8	49066868
20260702	trades	9	106992197
20260702	xinqing	8	2120774
20260702	xinqing	9	11175848
20260703	orders	8	60803789
20260703	orders	9	121527811
20260703	trades	8	44267490
20260703	trades	9	98984063
20260703	xinqing	8	2105712
20260703	xinqing	9	11204453
20260706	orders	8	17544979
20260706	orders	9	62632464
20260706	trades	8	13932891
20260706	trades	9	51962098
20260706	xinqing	8	877319
20260706	xinqing	9	4924928
20260707	orders	8	52443103
20260707	orders	9	111173527
20260707	trades	8	37588896
20260707	trades	9	91574560
20260707	xinqing	8	2090467
20260707	xinqing	9	11056559
20260708	orders	8	53533774
20260708	orders	9	105073574
20260708	trades	8	39390390
20260708	trades	9	84743659
20260708	xinqing	8	2090996
20260708	xinqing	9	10814693
20260709	orders	8	48151634
20260709	orders	9	118549106
20260709	trades	8	36197952
20260709	trades	9	98460348
20260709	xinqing	8	1888894
20260709	xinqing	9	11160680
20260710	orders	8	55186919
20260710	orders	9	131758202
20260710	trades	8	40050321
20260710	trades	9	108465707
20260710	xinqing	8	1907149
20260710	xinqing	9	11353345
20260713	orders	8	13832491
20260713	orders	9	102982288
20260713	trades	8	41708648
20260713	trades	9	97585906
20260713	xinqing	8	1919248
20260713	xinqing	9	11136824
20260714	orders	8	49339040
20260714	orders	9	120362292
20260714	trades	8	37854727
20260714	trades	9	98141876
20260714	xinqing	8	1933594
20260714	xinqing	9	11171742
20260715	orders	8	57625239
20260715	orders	9	112479315
20260715	trades	8	41336678
20260715	trades	9	91555444
20260715	xinqing	8	2098850
20260715	xinqing	9	11015634
20260716	orders	8	52675816
20260716	orders	9	111923640
20260716	trades	8	37742973
20260716	trades	9	91981636
20260716	xinqing	8	2082898
20260716	xinqing	9	11158445
20260717	orders	8	52986491
20260717	orders	9	126156729
20260717	trades	8	39549615
20260717	trades	9	105290042
20260717	xinqing	8	2093658
20260717	xinqing	9	11720230
20260720	orders	8	54596998
20260720	orders	9	129155825
20260720	trades	8	40612896
20260720	trades	9	109022274
20260720	xinqing	8	2092049
20260720	xinqing	9	11662066
20260721	orders	8	57693447
20260721	orders	9	139737241
20260721	trades	8	43256334
20260721	trades	9	118127091
20260721	xinqing	8	1941428
20260721	xinqing	9	11649966
20260722	orders	8	57704486
20260722	orders	9	120991328
20260722	trades	8	42198387
20260722	trades	9	99041201
20260722	xinqing	8	2095446
20260722	xinqing	9	11158520
20260723	orders	8	50566291
20260723	orders	9	114598743
20260723	trades	8	35573312
20260723	trades	9	91983098
20260723	xinqing	8	1997594
20260723	xinqing	9	11014228
20260724	orders	8	42686512
20260724	orders	9	101267126
20260724	trades	8	34678460
20260724	trades	9	83417232
20260724	xinqing	8	1984467
20260724	xinqing	9	10738699
20260727	orders	8	48186115
20260727	orders	9	99932157
20260727	trades	8	34806652
20260727	trades	9	81108765
20260727	xinqing	8	2057307
20260727	xinqing	9	10702153
20260728	orders	8	48818287
20260728	orders	9	101260662
20260728	trades	8	34828879
20260728	trades	9	83030790
20260728	xinqing	8	2079695
20260728	xinqing	9	10776115
20260729	orders	8	51011799
20260729	orders	9	117965963
20260729	trades	8	37200806
20260729	trades	9	96163199
20260729	xinqing	8	2082169
20260729	xinqing	9	11245525
20260730	orders	8	49973997
20260730	orders	9	117286965
20260730	trades	8	36288000
20260730	trades	9	96132709
20260730	xinqing	8	2095215
20260730	xinqing	9	11415128
20260731	orders	8	56030909
20260731	orders	9	112578703
20260731	trades	8	42146569
20260731	trades	9	92359496
20260731	xinqing	8	2124184
20260731	xinqing	9	11137402
20260803	orders	8	51997322
20260803	orders	9	101212372
20260803	trades	8	37823939
20260803	trades	9	82818618
20260803	xinqing	8	2099792
20260803	xinqing	9	11122945
20260804	orders	8	46666446
20260804	orders	9	106594266
20260804	trades	8	35088175
20260804	trades	9	87722177
20260804	xinqing	8	1917877
20260804	xinqing	9	11128271
20260805	orders	8	49617277
20260805	orders	9	112953883
20260805	trades	8	37003663
20260805	trades	9	95442598
20260805	xinqing	8	2060762
20260805	xinqing	9	11028766
20260806	orders	8	54076635
20260806	orders	9	120716708
20260806	trades	8	39617365
20260806	trades	9	100548435
20260806	xinqing	8	2091138
20260806	xinqing	9	11243047
20260807	orders	8	53738549
20260807	orders	9	121166716
20260807	trades	8	39175753
20260807	trades	9	99900069
20260807	xinqing	8	2094038
20260807	xinqing	9	11209903
20260810	orders	8	59376220
20260810	orders	9	111999777
20260810	trades	8	43734842
20260810	trades	9	92389371
20260810	xinqing	8	2118259
20260810	xinqing	9	11094895
20260811	orders	8	52989772
20260811	orders	9	111604129
20260811	trades	8	37404207
20260811	trades	9	91613931
20260811	xinqing	8	2088946
20260811	xinqing	9	10978049
20260812	orders	8	48790168
20260812	orders	9	105952245
20260812	trades	8	33990363
20260812	trades	9	85531415
20260812	xinqing	8	2076236
20260812	xinqing	9	10906827
20260813	orders	8	53945519
20260813	orders	9	116402783
20260813	trades	8	38650449
20260813	trades	9	97569189
20260813	xinqing	8	2097572
20260813	xinqing	9	10951565
20260814	orders	8	52239629
20260814	orders	9	104038784
20260814	trades	8	36959577
20260814	trades	9	84478123
20260814	xinqing	8	2083340
20260814	xinqing	9	10751119
20260817	orders	8	50014043
20260817	orders	9	103439161
20260817	trades	8	35873525
20260817	trades	9	84570260
20260817	xinqing	8	2079370
20260817	xinqing	9	10870739
20260818	orders	8	53454534
20260818	orders	9	108671629
20260818	trades	8	38773592
20260818	trades	9	89538128
20260818	xinqing	8	2099643
20260818	xinqing	9	10919571
20260819	orders	8	45604353
20260819	orders	9	112980895
20260819	trades	8	39234579
20260819	trades	9	96577993
20260819	xinqing	8	2025548
20260819	xinqing	9	11072559
20260820	orders	8	51654475
20260820	orders	9	101961721
20260820	trades	8	36370309
20260820	trades	9	81859456
20260820	xinqing	8	2077874
20260820	xinqing	9	10732076
